item,pred,ext
http://www.wikidata.org/entity/Q1007870,http://www.wikidata.org/prop/direct/P1709,https://schema.org/ArtGallery
http://www.wikidata.org/entity/Q101224664,http://www.wikidata.org/prop/direct/P1709,http://wordnet-rdf.princeton.edu/pwn30/04177931-n
http://www.wikidata.org/entity/Q101405849,http://www.wikidata.org/prop/direct/P2888,http://id.loc.gov/vocabulary/relators/dgs
http://www.wikidata.org/entity/Q101405849,http://www.wikidata.org/prop/direct/P2888,http://rdaregistry.info/Elements/w/P10041
http://www.wikidata.org/entity/Q102121698,http://www.wikidata.org/prop/direct/P1709,http://id.loc.gov/authorities/classification/JS411
http://www.wikidata.org/entity/Q1021290,http://www.wikidata.org/prop/direct/P1709,http://lemac.sgcb.mcu.es/Autoridades/LEMAC201208291/concept
http://www.wikidata.org/entity/Q102202026,http://www.wikidata.org/prop/direct/P1709,http://archaeology.link/ontology#ProductionCentre
http://www.wikidata.org/entity/Q102202026,http://www.wikidata.org/prop/direct/P2888,http://archaeology.link/ontology#ProductionCentre
http://www.wikidata.org/entity/Q102496,http://www.wikidata.org/prop/direct/P1709,http://dbpedia.org/resource/Parish
http://www.wikidata.org/entity/Q1028181,http://www.wikidata.org/prop/direct/P1709,http://dbpedia.org/ontology/Painter
http://www.wikidata.org/entity/Q103459,http://www.wikidata.org/prop/direct/P2888,http://purl.obolibrary.org/obo/ENVO_02000005
http://www.wikidata.org/entity/Q10384,http://www.wikidata.org/prop/direct/P2888,https://schema.org/Geriatric
http://www.wikidata.org/entity/Q10438042,http://www.wikidata.org/prop/direct/P1709,http://dbpedia.org/ontology/BusCompany
http://www.wikidata.org/entity/Q1043939,http://www.wikidata.org/prop/direct/P1709,http://dbpedia.org/resource/Carnegie_library
http://www.wikidata.org/entity/Q1043939,http://www.wikidata.org/prop/direct/P1709,http://yago-knowledge.org/resource/Carnegie_library
http://www.wikidata.org/entity/Q104481692,http://www.wikidata.org/prop/direct/P3950,https://d-nb.info/standards/elementset/gnd#succeedingCorporateBody
http://www.wikidata.org/entity/Q105011746,http://www.wikidata.org/prop/direct/P2888,https://player.fm/podcasts/blockchain
http://www.wikidata.org/entity/Q105011746,http://www.wikidata.org/prop/direct/P2888,https://player.fm/podcasts/Cryptocurrency
http://www.wikidata.org/entity/Q105011746,http://www.wikidata.org/prop/direct/P2888,https://www.listennotes.com/best-crypto-blockchain-podcasts-136/
http://www.wikidata.org/entity/Q105012442,http://www.wikidata.org/prop/direct/P2888,https://audiojunkie.co/podcasts?category=tech
http://www.wikidata.org/entity/Q105012442,http://www.wikidata.org/prop/direct/P2888,https://audiojunkie.co/podcasts?&tagged_with%5B%5D=technology
http://www.wikidata.org/entity/Q105012442,http://www.wikidata.org/prop/direct/P2888,https://fyyd.de/discover/cat/technology/0
http://www.wikidata.org/entity/Q105012442,http://www.wikidata.org/prop/direct/P2888,https://player.fm/podcasts/Tech-News
http://www.wikidata.org/entity/Q105012442,http://www.wikidata.org/prop/direct/P2888,https://player.fm/podcasts/Technology
http://www.wikidata.org/entity/Q105012442,http://www.wikidata.org/prop/direct/P2888,https://www.listennotes.com/best-technology-podcasts-127/
http://www.wikidata.org/entity/Q105012442,http://www.wikidata.org/prop/direct/P2888,https://www.npr.org/podcasts/2061/technology
http://www.wikidata.org/entity/Q10517054,http://www.wikidata.org/prop/direct/P1709,http://dbpedia.org/ontology/HandballTeam
http://www.wikidata.org/entity/Q105815710,http://www.wikidata.org/prop/direct/P1709,https://schema.org/PerformingGroup
http://www.wikidata.org/entity/Q105939984,http://www.wikidata.org/prop/direct/P1709,http://musicontology.com/specification/#term-Label
http://www.wikidata.org/entity/Q106314805,http://www.wikidata.org/prop/direct/P1709,https://dbpedia.org/ontology/VolleyballLeague
http://www.wikidata.org/entity/Q1065656,http://www.wikidata.org/prop/direct/P1709,https://schema.org/HealthClub
http://www.wikidata.org/entity/Q106882617,http://www.wikidata.org/prop/direct/P2888,https://www.listennotes.com/best-web-design-podcasts-140/
http://www.wikidata.org/entity/Q106914963,http://www.wikidata.org/prop/direct/P2888,https://www.listennotes.com/best-educational-technology-podcasts-112/
http://www.wikidata.org/entity/Q1076052,http://www.wikidata.org/prop/direct/P1709,https://schema.org/Preschool
http://www.wikidata.org/entity/Q10833314,http://www.wikidata.org/prop/direct/P1709,http://dbpedia.org/ontology/TennisPlayer
http://www.wikidata.org/entity/Q10833314,http://www.wikidata.org/prop/direct/P2888,http://imagenet.stanford.edu/synset?wnid=n10701180
http://www.wikidata.org/entity/Q10842936,http://www.wikidata.org/prop/direct/P1709,http://dbpedia.org/ontology/RallyDriver
http://www.wikidata.org/entity/Q10843402,http://www.wikidata.org/prop/direct/P1709,http://dbpedia.org/ontology/Swimmer
http://www.wikidata.org/entity/Q10871364,http://www.wikidata.org/prop/direct/P1709,http://dbpedia.org/ontology/BaseballPlayer
http://www.wikidata.org/entity/Q10922451,http://www.wikidata.org/prop/direct/P1709,http://pcp-on-web.de/ontology#FacultyOfPhilosophy
http://www.wikidata.org/entity/Q109509795,http://www.wikidata.org/prop/direct/P2888,http://purl.org/ontology/po/Web
http://www.wikidata.org/entity/Q109926020,http://www.wikidata.org/prop/direct/P1709,http://purl.org/ontology/po/Outlet
http://www.wikidata.org/entity/Q11032,http://www.wikidata.org/prop/direct/P1709,http://bibliograph.net/Newspaper
http://www.wikidata.org/entity/Q11032,http://www.wikidata.org/prop/direct/P1709,http://dbpedia.org/ontology/Newspaper
http://www.wikidata.org/entity/Q11032,http://www.wikidata.org/prop/direct/P1709,https://schema.org/Newspaper
http://www.wikidata.org/entity/Q11032,http://www.wikidata.org/prop/direct/P2888,http://purl.org/coar/resource_type/c_2fe3
http://www.wikidata.org/entity/Q11033,http://www.wikidata.org/prop/direct/P1709,http://id.cabi.org/cabt/70614
http://www.wikidata.org/entity/Q11033,http://www.wikidata.org/prop/direct/P1709,http://www.eionet.europa.eu/gemet/concept/5079
http://www.wikidata.org/entity/Q110897921,http://www.wikidata.org/prop/direct/P1709,http://lod.ogham.link/data/Person
http://www.wikidata.org/entity/Q110897921,http://www.wikidata.org/prop/direct/P2888,http://lod.ogham.link/data/Person
http://www.wikidata.org/entity/Q111034948,http://www.wikidata.org/prop/direct/P2888,https://schema.org/Nonprofit501c2
http://www.wikidata.org/entity/Q111037101,http://www.wikidata.org/prop/direct/P2888,https://schema.org/Nonprofit501c7
http://www.wikidata.org/entity/Q111110126,http://www.wikidata.org/prop/direct/P2888,https://schema.org/Nonprofit501c19
http://www.wikidata.org/entity/Q1111648,http://www.wikidata.org/prop/direct/P2888,https://schema.org/colorist
http://www.wikidata.org/entity/Q11204,http://www.wikidata.org/prop/direct/P1709,http://dbpedia.org/ontology/Legislature
http://www.wikidata.org/entity/Q11265853,http://www.wikidata.org/prop/direct/P1709,https://schema.org/HairSalon
http://www.wikidata.org/entity/Q11303721,http://www.wikidata.org/prop/direct/P1709,http://dbpedia.org/ontology/GolfPlayer
http://www.wikidata.org/entity/Q11315,http://www.wikidata.org/prop/direct/P1709,https://schema.org/ShoppingCenter
http://www.wikidata.org/entity/Q1138671,http://www.wikidata.org/prop/direct/P2888,http://lemac.sgcb.mcu.es/Autoridades/LEMAC201205654/concept
http://www.wikidata.org/entity/Q1141323,http://www.wikidata.org/prop/direct/P1709,http://data.culture.fr/thesaurus/resource/ark:/67717/T1-675
http://www.wikidata.org/entity/Q114777153,http://www.wikidata.org/prop/direct/P2888,http://backrooms-wiki.wikidot.com/entity-3
http://www.wikidata.org/entity/Q114782712,http://www.wikidata.org/prop/direct/P2888,http://backrooms-wiki.wikidot.com/entity-10
http://www.wikidata.org/entity/Q1153051,http://www.wikidata.org/prop/direct/P1709,http://comicmeta.org/cbo/inker
http://www.wikidata.org/entity/Q116,http://www.wikidata.org/prop/direct/P1709,http://dbpedia.org/ontology/Monarch
http://www.wikidata.org/entity/Q116052725,http://www.wikidata.org/prop/direct/P2888,http://purl.obolibrary.org/obo/ENVO_00000009
http://www.wikidata.org/entity/Q11631,http://www.wikidata.org/prop/direct/P1709,http://dbpedia.org/ontology/Astronaut
http://www.wikidata.org/entity/Q11707,http://www.wikidata.org/prop/direct/P1709,http://dbpedia.org/ontology/Restaurant
http://www.wikidata.org/entity/Q11707,http://www.wikidata.org/prop/direct/P1709,https://schema.org/Restaurant
http://www.wikidata.org/entity/Q11707,http://www.wikidata.org/prop/direct/P2888,http://purl.obolibrary.org/obo/ENVO_01000934
http://www.wikidata.org/entity/Q11774891,http://www.wikidata.org/prop/direct/P1709,http://dbpedia.org/ontology/IceHockeyPlayer
http://www.wikidata.org/entity/Q11892507,http://www.wikidata.org/prop/direct/P1709,http://comicmeta.org/cbo/writer
http://www.wikidata.org/entity/Q1193236,http://www.wikidata.org/prop/direct/P2888,https://schema.org/NewsMediaOrganization
http://www.wikidata.org/entity/Q1195245,http://www.wikidata.org/prop/direct/P1709,https://schema.org/BeautySalon
http://www.wikidata.org/entity/Q1196129,http://www.wikidata.org/prop/direct/P1709,http://www.w3.org/2006/vcard/ns#Spouse
http://www.wikidata.org/entity/Q1200502,http://www.wikidata.org/prop/direct/P2888,http://www.treccani.it/enciclopedia/desaparecidos_(Dizionario-di-Storia)
http://www.wikidata.org/entity/Q12045647,http://www.wikidata.org/prop/direct/P2888,https://patents.google.com/?q=E04H4/0012
http://www.wikidata.org/entity/Q120647861,http://www.wikidata.org/prop/direct/P1709,https://schema.org/LodgingBusiness
http://www.wikidata.org/entity/Q121594,http://www.wikidata.org/prop/direct/P1709,http://id.loc.gov/entities/roles/professor
http://www.wikidata.org/entity/Q121618449,http://www.wikidata.org/prop/direct/P2888,https://knowyourmeme.com/search?q=tags%3A%28%22hapas%22%29
http://www.wikidata.org/entity/Q121998,http://www.wikidata.org/prop/direct/P1709,http://dbpedia.org/ontology/Ambassador
http://www.wikidata.org/entity/Q123005968,http://www.wikidata.org/prop/direct/P1709,http://archaeology.link/ontology#ActorEntity
http://www.wikidata.org/entity/Q123005968,http://www.wikidata.org/prop/direct/P2888,http://archaeology.link/ontology#ActorEntity
http://www.wikidata.org/entity/Q1235234,http://www.wikidata.org/prop/direct/P2888,http://purl.org/spar/fabio/DocumentRepository
http://www.wikidata.org/entity/Q12366139,http://www.wikidata.org/prop/direct/P2888,http://purl.obolibrary.org/obo/ENVO_00000295
http://www.wikidata.org/entity/Q124059801,http://www.wikidata.org/prop/direct/P1709,https://dbpedia.org/ontology/AmericanFootballLeague
http://www.wikidata.org/entity/Q124081236,http://www.wikidata.org/prop/direct/P1709,https://schema.org/EntertainmentBusiness
http://www.wikidata.org/entity/Q12420428,http://www.wikidata.org/prop/direct/P1709,http://id.cabi.org/cabt/7123
http://www.wikidata.org/entity/Q12420428,http://www.wikidata.org/prop/direct/P1709,http://lemac.sgcb.mcu.es/Autoridades/LEMAC201200634/concept
http://www.wikidata.org/entity/Q1264690,http://www.wikidata.org/prop/direct/P2888,https://data.niod.nl/WO2_Thesaurus/2028
http://www.wikidata.org/entity/Q12773225,http://www.wikidata.org/prop/direct/P2888,https://finto.fi/allars/sv/page/Y26284
http://www.wikidata.org/entity/Q12840545,http://www.wikidata.org/prop/direct/P1709,http://dbpedia.org/ontology/HandballPlayer
http://www.wikidata.org/entity/Q1294626,http://www.wikidata.org/prop/direct/P1709,http://purl.org/ontology/mo/MusicArtist
http://www.wikidata.org/entity/Q1295201,http://www.wikidata.org/prop/direct/P1709,https://schema.org/GroceryStore
http://www.wikidata.org/entity/Q1295201,http://www.wikidata.org/prop/direct/P2888,http://wordnet-rdf.princeton.edu/wn30/03461385-n
http://www.wikidata.org/entity/Q1295201,http://www.wikidata.org/prop/direct/P2888,http://wordnet-rdf.princeton.edu/wn31/103437878-n
http://www.wikidata.org/entity/Q12973014,http://www.wikidata.org/prop/direct/P1709,https://schema.org/SportsTeam
http://www.wikidata.org/entity/Q1298668,http://www.wikidata.org/prop/direct/P1709,http://dbpedia.org/ontology/ResearchProject
http://www.wikidata.org/entity/Q130003,http://www.wikidata.org/prop/direct/P1709,http://dbpedia.org/ontology/SkiResort
http://www.wikidata.org/entity/Q130003,http://www.wikidata.org/prop/direct/P1709,https://schema.org/SkiResort
http://www.wikidata.org/entity/Q13107184,http://www.wikidata.org/prop/direct/P1709,https://schema.org/Pharmacy
http://www.wikidata.org/entity/Q13107184,http://www.wikidata.org/prop/direct/P1709,https://www.schema.org/Pharmacy
http://www.wikidata.org/entity/Q1311064,http://www.wikidata.org/prop/direct/P1709,https://schema.org/IceCreamShop
http://www.wikidata.org/entity/Q131512,http://www.wikidata.org/prop/direct/P1709,http://dbpedia.org/ontology/Farmer
http://www.wikidata.org/entity/Q131734,http://www.wikidata.org/prop/direct/P1709,https://schema.org/Brewery
http://www.wikidata.org/entity/Q131734,http://www.wikidata.org/prop/direct/P2888,http://purl.obolibrary.org/obo/ENVO_00003885
http://www.wikidata.org/entity/Q1317534,http://www.wikidata.org/prop/direct/P2888,http://cv.iptc.org/newscodes/spichrole/goaltender
http://www.wikidata.org/entity/Q132050,http://www.wikidata.org/prop/direct/P1709,http://dbpedia.org/ontology/Governor
http://www.wikidata.org/entity/Q13219587,http://www.wikidata.org/prop/direct/P1709,http://dbpedia.org/ontology/FigureSkater
http://www.wikidata.org/entity/Q1336920,http://www.wikidata.org/prop/direct/P1709,http://dbpedia.org/resource/Community_college
http://www.wikidata.org/entity/Q1336920,http://www.wikidata.org/prop/direct/P1709,http://es.dbpedia.org/resource/Colegio_universitario
http://www.wikidata.org/entity/Q1336920,http://www.wikidata.org/prop/direct/P1709,http://fr.dbpedia.org/resource/Collège_communautaire
http://www.wikidata.org/entity/Q1336920,http://www.wikidata.org/prop/direct/P1709,http://nl.dbpedia.org/resource/Community_college
http://www.wikidata.org/entity/Q1336920,http://www.wikidata.org/prop/direct/P1709,http://pl.dbpedia.org/resource/Community_college
http://www.wikidata.org/entity/Q13382519,http://www.wikidata.org/prop/direct/P1709,http://dbpedia.org/ontology/TableTennisPlayer
http://www.wikidata.org/entity/Q13382576,http://www.wikidata.org/prop/direct/P1709,http://dbpedia.org/ontology/Rower
http://www.wikidata.org/entity/Q13414980,http://www.wikidata.org/prop/direct/P1709,http://dbpedia.org/ontology/AustralianRulesFootballPlayer
http://www.wikidata.org/entity/Q13415036,http://www.wikidata.org/prop/direct/P1709,http://dbpedia.org/ontology/RugbyPlayer
http://www.wikidata.org/entity/Q13417114,http://www.wikidata.org/prop/direct/P1709,http://dbpedia.org/ontology/NobleFamily
http://www.wikidata.org/entity/Q13474373,http://www.wikidata.org/prop/direct/P1709,http://dbpedia.org/ontology/Wrestler
http://www.wikidata.org/entity/Q1350189,http://www.wikidata.org/prop/direct/P1709,http://dbpedia.org/ontology/Egyptologist
http://www.wikidata.org/entity/Q13561328,http://www.wikidata.org/prop/direct/P1709,http://dbpedia.org/ontology/Surfer
http://www.wikidata.org/entity/Q13590141,http://www.wikidata.org/prop/direct/P1709,http://dbpedia.org/ontology/Presenter
http://www.wikidata.org/entity/Q13590141,http://www.wikidata.org/prop/direct/P1709,http://fr.dbpedia.org/property/présentateur
http://www.wikidata.org/entity/Q1402736,http://www.wikidata.org/prop/direct/P1709,http://pcp-on-web.de/ontology#PrivateLecturer
http://www.wikidata.org/entity/Q1410110,http://www.wikidata.org/prop/direct/P1709,http://www.w3.org/ns/org#Site
http://www.wikidata.org/entity/Q14128148,http://www.wikidata.org/prop/direct/P1709,http://dbpedia.org/ontology/AmericanFootballPlayer
http://www.wikidata.org/entity/Q14128148,http://www.wikidata.org/prop/direct/P1709,http://dbpedia.org/ontology/GridironFootballPlayer
http://www.wikidata.org/entity/Q141683,http://www.wikidata.org/prop/direct/P1709,http://dbpedia.org/ontology/BroadcastNetwork
http://www.wikidata.org/entity/Q141683,http://www.wikidata.org/prop/direct/P1709,http://purl.org/ontology/po/Broadcaster
http://www.wikidata.org/entity/Q14350,http://www.wikidata.org/prop/direct/P1709,http://purl.org/ontology/po/Radio
http://www.wikidata.org/entity/Q14350,http://www.wikidata.org/prop/direct/P1709,https://schema.org/RadioStation
http://www.wikidata.org/entity/Q1438040,http://www.wikidata.org/prop/direct/P1709,http://id.loc.gov/authorities/classification/cf94052998
http://www.wikidata.org/entity/Q14467526,http://www.wikidata.org/prop/direct/P1709,http://dbpedia.org/ontology/Linguist
http://www.wikidata.org/entity/Q14623351,http://www.wikidata.org/prop/direct/P1709,https://schema.org/RadioSeries
http://www.wikidata.org/entity/Q149566,http://www.wikidata.org/prop/direct/P1709,https://schema.org/MiddleSchool
http://www.wikidata.org/entity/Q1497649,http://www.wikidata.org/prop/direct/P2888,https://www.wikidata.org/wiki/Q1030034
http://www.wikidata.org/entity/Q1501495,http://www.wikidata.org/prop/direct/P2888,http://dbpedia.org/resource/Family_History_Center_(LDS_Church)
http://www.wikidata.org/entity/Q1507619,http://www.wikidata.org/prop/direct/P2888,https://findthatcharity.uk/orgid/XI-ROR-04fjx8e69
http://www.wikidata.org/entity/Q15117302,http://www.wikidata.org/prop/direct/P1709,http://dbpedia.org/ontology/VolleyballPlayer
http://www.wikidata.org/entity/Q152081,http://www.wikidata.org/prop/direct/P2888,https://data.niod.nl/WO2_Thesaurus/2017
http://www.wikidata.org/entity/Q152478,http://www.wikidata.org/prop/direct/P2888,https://schema.org/sponsor
http://www.wikidata.org/entity/Q15265344,http://www.wikidata.org/prop/direct/P1709,http://dbpedia.org/ontology/Broadcaster
http://www.wikidata.org/entity/Q15265344,http://www.wikidata.org/prop/direct/P1709,http://purl.org/ontology/po/Service
http://www.wikidata.org/entity/Q15265344,http://www.wikidata.org/prop/direct/P1709,https://schema.org/BroadcastChannel
http://www.wikidata.org/entity/Q15265344,http://www.wikidata.org/prop/direct/P2888,https://schema.org/broadcaster
http://www.wikidata.org/entity/Q15284,http://www.wikidata.org/prop/direct/P1709,http://kbpedia.org/kko/rc/Municipality
http://www.wikidata.org/entity/Q1529128,http://www.wikidata.org/prop/direct/P1709,https://schema.org/ParcelService
http://www.wikidata.org/entity/Q1530022,http://www.wikidata.org/prop/direct/P1709,http://dbpedia.org/ontology/ReligiousOrganisation
http://www.wikidata.org/entity/Q153813,http://www.wikidata.org/prop/direct/P2888,https://data.niod.nl/WO2_Thesaurus/2008
http://www.wikidata.org/entity/Q1555508,http://www.wikidata.org/prop/direct/P1709,http://dbpedia.org/ontology/RadioProgram
http://www.wikidata.org/entity/Q156362,http://www.wikidata.org/prop/direct/P1709,http://dbpedia.org/ontology/Winery
http://www.wikidata.org/entity/Q156362,http://www.wikidata.org/prop/direct/P1709,https://schema.org/Winery
http://www.wikidata.org/entity/Q1587716,http://www.wikidata.org/prop/direct/P1709,https://schema.org/TouristInformationCenter
http://www.wikidata.org/entity/Q15982795,http://www.wikidata.org/prop/direct/P1709,http://dbpedia.org/ontology/Bodybuilder
http://www.wikidata.org/entity/Q15991303,http://www.wikidata.org/prop/direct/P1709,https://dbpedia.org/ontology/SoccerLeague
http://www.wikidata.org/entity/Q160742,http://www.wikidata.org/prop/direct/P1709,http://dbpedia.org/ontology/Abbey
http://www.wikidata.org/entity/Q1607722,http://www.wikidata.org/prop/direct/P2888,https://findthatcharity.uk/orgid/XI-ROR-02xbr5r10
http://www.wikidata.org/entity/Q1607826,http://www.wikidata.org/prop/direct/P2888,https://schema.org/editor
http://www.wikidata.org/entity/Q16110,http://www.wikidata.org/prop/direct/P2888,https://w3id.org/italia/onto/CLV/Region
http://www.wikidata.org/entity/Q1616075,http://www.wikidata.org/prop/direct/P1709,https://schema.org/TelevisionStation
http://www.wikidata.org/entity/Q1622272,http://www.wikidata.org/prop/direct/P1709,http://pcp-on-web.de/ontology#Lecturer
http://www.wikidata.org/entity/Q16278103,http://www.wikidata.org/prop/direct/P1709,http://dbpedia.org/ontology/SquashPlayer
http://www.wikidata.org/entity/Q163740,http://www.wikidata.org/prop/direct/P1709,http://dbpedia.org/ontology/Non-ProfitOrganisation
http://www.wikidata.org/entity/Q164950,http://www.wikidata.org/prop/direct/P1709,http://pcp-on-web.de/ontology#FamilyDynasty
http://www.wikidata.org/entity/Q165029,http://www.wikidata.org/prop/direct/P1709,https://schema.org/Electrician
http://www.wikidata.org/entity/Q16529344,http://www.wikidata.org/prop/direct/P2888,http://purl.obolibrary.org/obo/ENVO_02000070
http://www.wikidata.org/entity/Q16533,http://www.wikidata.org/prop/direct/P1709,http://dbpedia.org/ontology/Judge
http://www.wikidata.org/entity/Q16562419,http://www.wikidata.org/prop/direct/P2888,http://purl.obolibrary.org/obo/ENVO_00000123
http://www.wikidata.org/entity/Q166118,http://www.wikidata.org/prop/direct/P1709,http://dbpedia.org/ontology/Archive
http://www.wikidata.org/entity/Q16659620,http://www.wikidata.org/prop/direct/P2888,http://purl.obolibrary.org/obo/ENVO_02000092
http://www.wikidata.org/entity/Q167037,http://www.wikidata.org/prop/direct/P1709,http://pcp-on-web.de/ontology#Corporation
http://www.wikidata.org/entity/Q167037,http://www.wikidata.org/prop/direct/P1709,https://schema.org/Corporation
http://www.wikidata.org/entity/Q167346,http://www.wikidata.org/prop/direct/P2888,http://purl.obolibrary.org/obo/ENVO_00010624
http://www.wikidata.org/entity/Q16735601,http://www.wikidata.org/prop/direct/P1709,https://schema.org/Florist
http://www.wikidata.org/entity/Q16917,http://www.wikidata.org/prop/direct/P1709,http://dbpedia.org/ontology/Hospital
http://www.wikidata.org/entity/Q16917,http://www.wikidata.org/prop/direct/P1709,http://linkeddata.ge.imati.cnr.it:2020/resource/EARTh/48630
http://www.wikidata.org/entity/Q16917,http://www.wikidata.org/prop/direct/P1709,https://schema.org/Hospital
http://www.wikidata.org/entity/Q16917,http://www.wikidata.org/prop/direct/P1709,http://www.eionet.europa.eu/gemet/concept/3999
http://www.wikidata.org/entity/Q16917,http://www.wikidata.org/prop/direct/P2888,http://purl.obolibrary.org/obo/ENVO_00002173
http://www.wikidata.org/entity/Q17098559,http://www.wikidata.org/prop/direct/P1709,http://comicmeta.org/cbo/penciller
http://www.wikidata.org/entity/Q17297777,http://www.wikidata.org/prop/direct/P1709,http://www.w3.org/2006/vcard/ns#Friend
http://www.wikidata.org/entity/Q17504942,http://www.wikidata.org/prop/direct/P2888,http://wordnet-rdf.princeton.edu/wn30/10565667-n
http://www.wikidata.org/entity/Q176799,http://www.wikidata.org/prop/direct/P1709,http://dbpedia.org/ontology/MilitaryUnit
http://www.wikidata.org/entity/Q177220,http://www.wikidata.org/prop/direct/P1709,http://dbpedia.org/ontology/Singer
http://www.wikidata.org/entity/Q1774898,http://www.wikidata.org/prop/direct/P1709,https://schema.org/MedicalClinic
http://www.wikidata.org/entity/Q178706,http://www.wikidata.org/prop/direct/P1709,http://pcp-on-web.de/ontology#Institution
http://www.wikidata.org/entity/Q178790,http://www.wikidata.org/prop/direct/P1709,http://dbpedia.org/ontology/TradeUnion
http://www.wikidata.org/entity/Q178790,http://www.wikidata.org/prop/direct/P1709,https://schema.org/WorkersUnion
http://www.wikidata.org/entity/Q178885,http://www.wikidata.org/prop/direct/P1709,http://dbpedia.org/ontology/Deity
http://www.wikidata.org/entity/Q18029574,http://www.wikidata.org/prop/direct/P1709,http://www.w3.org/2006/vcard/ns#Colleague
http://www.wikidata.org/entity/Q18029574,http://www.wikidata.org/prop/direct/P1709,http://www.w3.org/2006/vcard/ns#Coworker
http://www.wikidata.org/entity/Q18029574,http://www.wikidata.org/prop/direct/P2888,http://purl.org/vocab/relationship/colleagueOf
http://www.wikidata.org/entity/Q18029574,http://www.wikidata.org/prop/direct/P2888,https://schema.org/colleague
http://www.wikidata.org/entity/Q180846,http://www.wikidata.org/prop/direct/P2888,http://wordnet-rdf.princeton.edu/wn31/104365794-n
http://www.wikidata.org/entity/Q180958,http://www.wikidata.org/prop/direct/P1709,http://pcp-on-web.de/ontology#Faculty
http://www.wikidata.org/entity/Q181600,http://www.wikidata.org/prop/direct/P1709,https://schema.org/Patient
http://www.wikidata.org/entity/Q18325436,http://www.wikidata.org/prop/direct/P2888,https://schema.org/Nonprofit501c3
http://www.wikidata.org/entity/Q18325460,http://www.wikidata.org/prop/direct/P2888,https://schema.org/Nonprofit501c6
http://www.wikidata.org/entity/Q18325483,http://www.wikidata.org/prop/direct/P2888,https://schema.org/Nonprofit501c4
http://www.wikidata.org/entity/Q184644,http://www.wikidata.org/prop/direct/P1709,http://data.culture.fr/thesaurus/resource/ark:/67717/T1-704
http://www.wikidata.org/entity/Q185351,http://www.wikidata.org/prop/direct/P2888,https://thelawdictionary.org/jurist/
http://www.wikidata.org/entity/Q188094,http://www.wikidata.org/prop/direct/P1709,http://dbpedia.org/ontology/Economist
http://www.wikidata.org/entity/Q188830,http://www.wikidata.org/prop/direct/P1709,http://pcp-on-web.de/ontology#Wife
http://www.wikidata.org/entity/Q188913,http://www.wikidata.org/prop/direct/P2888,http://purl.obolibrary.org/obo/ENVO_00000117
http://www.wikidata.org/entity/Q189010,http://www.wikidata.org/prop/direct/P1709,https://schema.org/Notary
http://www.wikidata.org/entity/Q189290,http://www.wikidata.org/prop/direct/P2888,http://wordnet-rdf.princeton.edu/wn30/10317007-n
http://www.wikidata.org/entity/Q189290,http://www.wikidata.org/prop/direct/P2888,http://wordnet-rdf.princeton.edu/wn31/110251362-n
http://www.wikidata.org/entity/Q1906854,http://www.wikidata.org/prop/direct/P2888,https://www.wikidata.org/wiki/Q1906854
http://www.wikidata.org/entity/Q191808,http://www.wikidata.org/prop/direct/P1709,http://dbpedia/ontology/Religious
http://www.wikidata.org/entity/Q1930187,http://www.wikidata.org/prop/direct/P1709,http://dbpedia.org/ontology/Journalist
http://www.wikidata.org/entity/Q194195,http://www.wikidata.org/prop/direct/P1709,https://schema.org/AmusementPark
http://www.wikidata.org/entity/Q19546,http://www.wikidata.org/prop/direct/P1709,http://dbpedia.org/ontology/Pope
http://www.wikidata.org/entity/Q19730508,http://www.wikidata.org/prop/direct/P1709,http://dbpedia.org/ontology/FormerMunicipality
http://www.wikidata.org/entity/Q1986893,http://www.wikidata.org/prop/direct/P1709,http://www.w3.org/2006/vcard/ns#Neighbor
http://www.wikidata.org/entity/Q19924411,http://www.wikidata.org/prop/direct/P2888,http://cat.aii.caas.cn/concept/27615
http://www.wikidata.org/entity/Q1996635,http://www.wikidata.org/prop/direct/P1709,https://schema.org/Optician
http://www.wikidata.org/entity/Q200764,http://www.wikidata.org/prop/direct/P1709,https://schema.org/BookStore
http://www.wikidata.org/entity/Q200764,http://www.wikidata.org/prop/direct/P2888,http://wordnet-rdf.princeton.edu/wn30/02871525-n
http://www.wikidata.org/entity/Q200764,http://www.wikidata.org/prop/direct/P2888,http://wordnet-rdf.princeton.edu/wn31/102866695-n
http://www.wikidata.org/entity/Q20204892,http://www.wikidata.org/prop/direct/P2888,https://schema.org/contributor
http://www.wikidata.org/entity/Q202216,http://www.wikidata.org/prop/direct/P1709,http://dbpedia.org/ontology/OverseasDepartment
http://www.wikidata.org/entity/Q202691,http://www.wikidata.org/prop/direct/P2888,http://www.treccani.it/enciclopedia/doge_(Dizionario-di-Storia)/
http://www.wikidata.org/entity/Q2085381,http://www.wikidata.org/prop/direct/P1709,http://dbpedia.org/ontology/Publisher
http://www.wikidata.org/entity/Q2088357,http://www.wikidata.org/prop/direct/P1709,http://id.loc.gov/ontologies/bibframe/MusicEnsemble
http://www.wikidata.org/entity/Q2088357,http://www.wikidata.org/prop/direct/P1709,http://performedmusicontology.org/ontology/EnsembleMediumOfPerformance
http://www.wikidata.org/entity/Q20950067,http://www.wikidata.org/prop/direct/P1709,https://schema.org/ElementarySchool
http://www.wikidata.org/entity/Q2097994,http://www.wikidata.org/prop/direct/P1709,http://dbpedia.org/resource/Municipal_corporation
http://www.wikidata.org/entity/Q2097994,http://www.wikidata.org/prop/direct/P1709,http://yago-knowledge.org/resource/Municipal_corporation
http://www.wikidata.org/entity/Q210999,http://www.wikidata.org/prop/direct/P1709,https://schema.org/Psychiatric
http://www.wikidata.org/entity/Q211236,http://www.wikidata.org/prop/direct/P1709,http://dbpedia.org/ontology/Celebrity
http://www.wikidata.org/entity/Q212980,http://www.wikidata.org/prop/direct/P1709,http://dbpedia.org/ontology/Psychologist
http://www.wikidata.org/entity/Q214917,http://www.wikidata.org/prop/direct/P1709,http://dbpedia.org/ontology/PlayWright
http://www.wikidata.org/entity/Q215380,http://www.wikidata.org/prop/direct/P1709,http://dbpedia.org/ontology/Band
http://www.wikidata.org/entity/Q215380,http://www.wikidata.org/prop/direct/P1709,http://purl.org/ontology/mo/MusicGroup
http://www.wikidata.org/entity/Q215380,http://www.wikidata.org/prop/direct/P1709,https://schema.googleapis.com/MusicGroup
http://www.wikidata.org/entity/Q215380,http://www.wikidata.org/prop/direct/P1709,https://schema.org/MusicGroup
http://www.wikidata.org/entity/Q215627,http://www.wikidata.org/prop/direct/P1709,http://dbpedia.org/ontology/Person
http://www.wikidata.org/entity/Q215627,http://www.wikidata.org/prop/direct/P1709,http://id.loc.gov/ontologies/bibframe/Person
http://www.wikidata.org/entity/Q215627,http://www.wikidata.org/prop/direct/P1709,http://iflastandards.info/ns/lrm/lrmer/E7
http://www.wikidata.org/entity/Q215627,http://www.wikidata.org/prop/direct/P1709,http://rdaregistry.info/Elements/c/C10004
http://www.wikidata.org/entity/Q215627,http://www.wikidata.org/prop/direct/P1709,https://www.w3.org/ns/activitystreams#Person
http://www.wikidata.org/entity/Q215627,http://www.wikidata.org/prop/direct/P1709,http://www.popoloproject.com/specs/person.html
http://www.wikidata.org/entity/Q2159907,http://www.wikidata.org/prop/direct/P1709,http://dbpedia.org/ontology/Criminal
http://www.wikidata.org/entity/Q2169973,http://www.wikidata.org/prop/direct/P2888,https://schema.org/provider
http://www.wikidata.org/entity/Q217107,http://www.wikidata.org/prop/direct/P1709,https://schema.org/TravelAgency
http://www.wikidata.org/entity/Q21980641,http://www.wikidata.org/prop/direct/P2888,http://wordnet-rdf.princeton.edu/wn30/02791270-n
http://www.wikidata.org/entity/Q220142,http://www.wikidata.org/prop/direct/P1709,https://schema.org/PetStore
http://www.wikidata.org/entity/Q220893,http://www.wikidata.org/prop/direct/P2888,http://data.europa.eu/euodp/en/data/publisher/omb
http://www.wikidata.org/entity/Q220893,http://www.wikidata.org/prop/direct/P2888,http://publications.europa.eu/resource/authority/corporate-body/OMB
http://www.wikidata.org/entity/Q22687,http://www.wikidata.org/prop/direct/P1709,http://dbpedia.org/ontology/Bank
http://www.wikidata.org/entity/Q22715,http://www.wikidata.org/prop/direct/P2888,http://purl.obolibrary.org/obo/ENVO_00000116
http://www.wikidata.org/entity/Q2326815,http://www.wikidata.org/prop/direct/P2888,http://dbpedia.org/resource/Municipal_Public_Library
http://www.wikidata.org/entity/Q2360219,http://www.wikidata.org/prop/direct/P2888,http://publications.europa.eu/resource/authority/corporate-body/REPRES_PERM
http://www.wikidata.org/entity/Q236371,http://www.wikidata.org/prop/direct/P2888,http://purl.obolibrary.org/obo/ENVO_00000115
http://www.wikidata.org/entity/Q2366457,http://www.wikidata.org/prop/direct/P1709,http://purl.org/vocab/aiiso/schema#Department
http://www.wikidata.org/entity/Q2366457,http://www.wikidata.org/prop/direct/P2888,https://schema.org/department
http://www.wikidata.org/entity/Q2393314,http://www.wikidata.org/prop/direct/P1709,https://schema.org/DanceGroup
http://www.wikidata.org/entity/Q2400788,http://www.wikidata.org/prop/direct/P2888,https://findthatcharity.uk/orgid/XI-ROR-003y83p14
http://www.wikidata.org/entity/Q2405480,http://www.wikidata.org/prop/direct/P1709,http://dbpedia.org/ontology/voice
http://www.wikidata.org/entity/Q2416217,http://www.wikidata.org/prop/direct/P1709,https://schema.org/TheaterGroup
http://www.wikidata.org/entity/Q2418941,http://www.wikidata.org/prop/direct/P1709,http://pcp-on-web.de/ontology#FacultyOfTheology
http://www.wikidata.org/entity/Q24229398,http://www.wikidata.org/prop/direct/P1709,http://bibliograph.net/Agent
http://www.wikidata.org/entity/Q24229398,http://www.wikidata.org/prop/direct/P1709,http://dbpedia.org/ontology/Agent
http://www.wikidata.org/entity/Q24229398,http://www.wikidata.org/prop/direct/P1709,http://id.loc.gov/ontologies/bibframe/Agent
http://www.wikidata.org/entity/Q24229398,http://www.wikidata.org/prop/direct/P1709,http://iflastandards.info/ns/lrm/lrmer/E6
http://www.wikidata.org/entity/Q24229398,http://www.wikidata.org/prop/direct/P1709,http://purl.org/dc/terms/Agent
http://www.wikidata.org/entity/Q24229398,http://www.wikidata.org/prop/direct/P1709,http://rdaregistry.info/Elements/c/C10002
http://www.wikidata.org/entity/Q24229398,http://www.wikidata.org/prop/direct/P1709,http://www.cidoc-crm.org/entity/e39-actor/version-6.2
http://www.wikidata.org/entity/Q24229398,http://www.wikidata.org/prop/direct/P1709,http://www.ebu.ch/metadata/ontologies/ebucore/ebucore#Agent
http://www.wikidata.org/entity/Q24229398,http://www.wikidata.org/prop/direct/P1709,http://xmlns.com/foaf/0.1/Agent
http://www.wikidata.org/entity/Q245068,http://www.wikidata.org/prop/direct/P1709,http://dbpedia.org/ontology/Comic
http://www.wikidata.org/entity/Q24633211,http://www.wikidata.org/prop/direct/P2888,https://schema.org/homeTeam
http://www.wikidata.org/entity/Q24633216,http://www.wikidata.org/prop/direct/P2888,https://schema.org/awayTeam
http://www.wikidata.org/entity/Q2526255,http://www.wikidata.org/prop/direct/P1709,http://dbpedia.org/ontology/MovieDirector
http://www.wikidata.org/entity/Q252924,http://www.wikidata.org/prop/direct/P1709,https://schema.org/Plumber
http://www.wikidata.org/entity/Q261362,http://www.wikidata.org/prop/direct/P1709,https://schema.org/EmploymentAgency
http://www.wikidata.org/entity/Q2659904,http://www.wikidata.org/prop/direct/P1709,https://schema.org/GovernmentOrganization
http://www.wikidata.org/entity/Q2664461,http://www.wikidata.org/prop/direct/P2888,http://data.culture.fr/thesaurus/page/ark:/67717/T1-517
http://www.wikidata.org/entity/Q26921680,http://www.wikidata.org/prop/direct/P2888,https://schema.org/instrument
http://www.wikidata.org/entity/Q27008444,http://www.wikidata.org/prop/direct/P1709,https://schema.org/ChildCare
http://www.wikidata.org/entity/Q27038993,http://www.wikidata.org/prop/direct/P1709,https://schema.org/FoodEstablishment
http://www.wikidata.org/entity/Q27057193,http://www.wikidata.org/prop/direct/P1709,https://schema.org/HomeAndConstructionBusiness
http://www.wikidata.org/entity/Q27166169,http://www.wikidata.org/prop/direct/P1709,https://schema.org/MedicalStudy
http://www.wikidata.org/entity/Q27166192,http://www.wikidata.org/prop/direct/P1709,https://schema.org/MedicalTrial
http://www.wikidata.org/entity/Q2722764,http://www.wikidata.org/prop/direct/P1709,http://dbpedia.org/ontology/RadioHost
http://www.wikidata.org/entity/Q273108,http://www.wikidata.org/prop/direct/P2888,http://www.treccani.it/enciclopedia/capitani-di-ventura_%28Enciclopedia-dei-ragazzi%29/
http://www.wikidata.org/entity/Q27349,http://www.wikidata.org/prop/direct/P2888,https://schema.org/Dentist
http://www.wikidata.org/entity/Q274393,http://www.wikidata.org/prop/direct/P1709,https://schema.org/Bakery
http://www.wikidata.org/entity/Q274393,http://www.wikidata.org/prop/direct/P2888,http://purl.obolibrary.org/obo/ENVO_00003864
http://www.wikidata.org/entity/Q27472738,http://www.wikidata.org/prop/direct/P1709,http://comicmeta.org/cbo/coverArtist
http://www.wikidata.org/entity/Q28008277,http://www.wikidata.org/prop/direct/P1709,http://www.w3.org/2006/vcard/ns#Acquaintance
http://www.wikidata.org/entity/Q28135032,http://www.wikidata.org/prop/direct/P2888,https://audiojunkie.co/podcasts?category=news-politics
http://www.wikidata.org/entity/Q28135032,http://www.wikidata.org/prop/direct/P2888,https://audiojunkie.co/podcasts?tagged_with%5B%5D=politics
http://www.wikidata.org/entity/Q28135032,http://www.wikidata.org/prop/direct/P2888,https://fyyd.de/discover/cat/politics/0
http://www.wikidata.org/entity/Q28135032,http://www.wikidata.org/prop/direct/P2888,https://player.fm/featured/politics
http://www.wikidata.org/entity/Q28135032,http://www.wikidata.org/prop/direct/P2888,https://player.fm/podcasts/politics
http://www.wikidata.org/entity/Q28135032,http://www.wikidata.org/prop/direct/P2888,https://www.listennotes.com/best-politics-podcasts-216/
http://www.wikidata.org/entity/Q28389,http://www.wikidata.org/prop/direct/P1709,http://dbpedia.org/ontology/ScreenWriter
http://www.wikidata.org/entity/Q28389,http://www.wikidata.org/prop/direct/P2888,http://lemac.sgcb.mcu.es/Autoridades/LEMAC201230642/concept
http://www.wikidata.org/entity/Q288728,http://www.wikidata.org/prop/direct/P1709,https://schema.org/HousePainter
http://www.wikidata.org/entity/Q289,http://www.wikidata.org/prop/direct/P2888,http://cv.iptc.org/newscodes/subjectcode/01016000
http://www.wikidata.org/entity/Q289612,http://www.wikidata.org/prop/direct/P1709,https://schema.org/GeneralContractor
http://www.wikidata.org/entity/Q2912137,http://www.wikidata.org/prop/direct/P2888,http://wordnet-rdf.princeton.edu/pwn30/02416880-n
http://www.wikidata.org/entity/Q291240,http://www.wikidata.org/prop/direct/P1709,https://schema.org/AutoRental
http://www.wikidata.org/entity/Q2918601,http://www.wikidata.org/prop/direct/P2888,http://wordnet-rdf.princeton.edu/pwn30/08212740-n
http://www.wikidata.org/entity/Q29514218,http://www.wikidata.org/prop/direct/P1709,http://www.w3.org/2006/vcard/ns#Child
http://www.wikidata.org/entity/Q2979300,http://www.wikidata.org/prop/direct/P1709,https://schema.org/Dentist
http://www.wikidata.org/entity/Q2983826,http://www.wikidata.org/prop/direct/P2888,http://publications.europa.eu/resource/authority/corporate-body/COM_COLL
http://www.wikidata.org/entity/Q29850536,http://www.wikidata.org/prop/direct/P2888,http://purl.obolibrary.org/obo/ENVO_00003911
http://www.wikidata.org/entity/Q30022,http://www.wikidata.org/prop/direct/P1709,https://schema.org/CafeOrCoffeeShop
http://www.wikidata.org/entity/Q30047053,http://www.wikidata.org/prop/direct/P2888,http://purl.org/spar/fabio/WebArchive
http://www.wikidata.org/entity/Q3010,http://www.wikidata.org/prop/direct/P2888,http://wordnet-rdf.princeton.edu/wn30/10624074-n
http://www.wikidata.org/entity/Q3010,http://www.wikidata.org/prop/direct/P2888,http://wordnet-rdf.princeton.edu/wn31/110558142-n
http://www.wikidata.org/entity/Q30185,http://www.wikidata.org/prop/direct/P1709,http://dbpedia.org/ontology/Mayor
http://www.wikidata.org/entity/Q3044742,http://www.wikidata.org/prop/direct/P2888,https://findthatcharity.uk/orgid/XI-ROR-03sbpja79
http://www.wikidata.org/entity/Q30461,http://www.wikidata.org/prop/direct/P1709,http://dbpedia.org/ontology/President
http://www.wikidata.org/entity/Q3053337,http://www.wikidata.org/prop/direct/P1709,http://dbpedia.org/ontology/Employer
http://www.wikidata.org/entity/Q3055126,http://www.wikidata.org/prop/direct/P1709,http://dbpedia.org/ontology/Entomologist
http://www.wikidata.org/entity/Q30612,http://www.wikidata.org/prop/direct/P2888,http://purl.org/coar/resource_type/c_cb28
http://www.wikidata.org/entity/Q31184,http://www.wikidata.org/prop/direct/P1709,http://www.w3.org/2006/vcard/ns#Sibling
http://www.wikidata.org/entity/Q31374404,http://www.wikidata.org/prop/direct/P1709,http://dbpedia.org/ontology/ShoppingMall
http://www.wikidata.org/entity/Q3153117,http://www.wikidata.org/prop/direct/P1709,http://dbpedia.org/ontology/Intercommunality
http://www.wikidata.org/entity/Q318693,http://www.wikidata.org/prop/direct/P2888,http://publications.europa.eu/resource/authority/corporate-body/CSTO
http://www.wikidata.org/entity/Q3231410,http://www.wikidata.org/prop/direct/P2888,http://purl.obolibrary.org/obo/ENVO_01000970
http://www.wikidata.org/entity/Q3243461,http://www.wikidata.org/prop/direct/P3950,http://comicmeta.org/cbo/Collector
http://www.wikidata.org/entity/Q327333,http://www.wikidata.org/prop/direct/P1709,http://dbpedia.org/ontology/GovernmentAgency
http://www.wikidata.org/entity/Q3282637,http://www.wikidata.org/prop/direct/P1709,http://dbpedia.org/ontology/Producer
http://www.wikidata.org/entity/Q3303463,http://www.wikidata.org/prop/direct/P2888,http://purl.obolibrary.org/obo/ENVO_01000971
http://www.wikidata.org/entity/Q33109310,http://www.wikidata.org/prop/direct/P2888,http://wordnet-rdf.princeton.edu/pwn30/09900499-n
http://www.wikidata.org/entity/Q33231,http://www.wikidata.org/prop/direct/P1709,http://dbpedia.org/ontology/Photographer
http://www.wikidata.org/entity/Q333634,http://www.wikidata.org/prop/direct/P2888,https://schema.org/translator
http://www.wikidata.org/entity/Q334453,http://www.wikidata.org/prop/direct/P1709,http://www.w3.org/ns/org#OrganizationalUnit
http://www.wikidata.org/entity/Q33506,http://www.wikidata.org/prop/direct/P1709,http://dati.beniculturali.it/cis/Museum
http://www.wikidata.org/entity/Q33506,http://www.wikidata.org/prop/direct/P1709,http://dbpedia.org/ontology/Museum
http://www.wikidata.org/entity/Q33506,http://www.wikidata.org/prop/direct/P1709,https://schema.org/Museum
http://www.wikidata.org/entity/Q3350685,http://www.wikidata.org/prop/direct/P2888,http://purl.obolibrary.org/obo/ENVO_00000193
http://www.wikidata.org/entity/Q3387717,http://www.wikidata.org/prop/direct/P1709,http://dbpedia.org/ontology/TheatreDirector
http://www.wikidata.org/entity/Q33999,http://www.wikidata.org/prop/direct/P1709,http://dbpedia.org/ontology/Actor
http://www.wikidata.org/entity/Q33999,http://www.wikidata.org/prop/direct/P2888,https://schema.org/actor
http://www.wikidata.org/entity/Q3455524,http://www.wikidata.org/prop/direct/P1709,http://dbpedia.org/ontology/AdministrativeRegion
http://www.wikidata.org/entity/Q3455524,http://www.wikidata.org/prop/direct/P1709,http://dbpedia.org/ontology/Region
http://www.wikidata.org/entity/Q3455524,http://www.wikidata.org/prop/direct/P1709,https://id.oclc.org/worldcat/entity/Q338
http://www.wikidata.org/entity/Q3455524,http://www.wikidata.org/prop/direct/P2888,http://purl.obolibrary.org/obo/ENVO_00000004
http://www.wikidata.org/entity/Q3455803,http://www.wikidata.org/prop/direct/P2888,https://schema.org/director
http://www.wikidata.org/entity/Q3473024,http://www.wikidata.org/prop/direct/P2888,https://schema.org/CommunityHealth
http://www.wikidata.org/entity/Q3479990,http://www.wikidata.org/prop/direct/P1709,https://schema.org/Locksmith
http://www.wikidata.org/entity/Q3488547,http://www.wikidata.org/prop/direct/P1709,http://pcp-on-web.de/ontology#FacultyOfLaw
http://www.wikidata.org/entity/Q3501317,http://www.wikidata.org/prop/direct/P1709,http://dbpedia.org/ontology/FashionDesigner
http://www.wikidata.org/entity/Q35054,http://www.wikidata.org/prop/direct/P1709,https://schema.org/PostOffice
http://www.wikidata.org/entity/Q3515239,http://www.wikidata.org/prop/direct/P2888,http://purl.obolibrary.org/obo/ENVO_00003323
http://www.wikidata.org/entity/Q35535,http://www.wikidata.org/prop/direct/P1709,http://data.culture.fr/thesaurus/resource/ark:/67717/T1-471
http://www.wikidata.org/entity/Q35535,http://www.wikidata.org/prop/direct/P1709,http://dbpedia.org/resource/Police
http://www.wikidata.org/entity/Q35535,http://www.wikidata.org/prop/direct/P1709,http://www.eionet.europa.eu/gemet/concept/6367
http://www.wikidata.org/entity/Q35657,http://www.wikidata.org/prop/direct/P2888,http://dbpedia.org/resource/U.S._State
http://www.wikidata.org/entity/Q35657,http://www.wikidata.org/prop/direct/P2888,http://fr.dbpedia.org/resource/États_des_États-Unis
http://www.wikidata.org/entity/Q357380,http://www.wikidata.org/prop/direct/P2888,https://finto.fi/allars/fi/page/Y25833
http://www.wikidata.org/entity/Q357380,http://www.wikidata.org/prop/direct/P2888,https://finto.fi/koko/en/page/p11070
http://www.wikidata.org/entity/Q357380,http://www.wikidata.org/prop/direct/P2888,https://finto.fi/koko/fi/page/p11070
http://www.wikidata.org/entity/Q35749,http://www.wikidata.org/prop/direct/P1709,http://dbpedia.org/ontology/Parliament
http://www.wikidata.org/entity/Q36180,http://www.wikidata.org/prop/direct/P1709,http://dbpedia.org/ontology/Writer
http://www.wikidata.org/entity/Q3621491,http://www.wikidata.org/prop/direct/P1709,http://dbpedia.org/ontology/Archeologist
http://www.wikidata.org/entity/Q3665646,http://www.wikidata.org/prop/direct/P1709,http://dbpedia.org/ontology/BasketballPlayer
http://www.wikidata.org/entity/Q36784,http://www.wikidata.org/prop/direct/P1709,http://data.ign.fr/def/geofla#Region
http://www.wikidata.org/entity/Q36784,http://www.wikidata.org/prop/direct/P1709,http://rdf.insee.fr/def/geo#Region
http://www.wikidata.org/entity/Q367914,http://www.wikidata.org/prop/direct/P1709,https://schema.org/BedAndBreakfast
http://www.wikidata.org/entity/Q373085,http://www.wikidata.org/prop/direct/P1709,http://dbpedia.org/ontology/Chancellor
http://www.wikidata.org/entity/Q3736439,http://www.wikidata.org/prop/direct/P2888,http://purl.obolibrary.org/obo/ENVO_02000069
http://www.wikidata.org/entity/Q3778211,http://www.wikidata.org/prop/direct/P1709,http://www.cidoc-crm.org/Entity/e40-legal-body/version-6.2
http://www.wikidata.org/entity/Q378622,http://www.wikidata.org/prop/direct/P1709,http://dbpedia.org/ontology/RacingDriver
http://www.wikidata.org/entity/Q380829,http://www.wikidata.org/prop/direct/P1709,http://pcp-on-web.de/ontology#PrivateLibrary
http://www.wikidata.org/entity/Q380962,http://www.wikidata.org/prop/direct/P3950,http://www.w3.org/ns/org#OrganizationalCollaboration
http://www.wikidata.org/entity/Q386120,http://www.wikidata.org/prop/direct/P2888,http://publications.europa.eu/resource/authority/corporate-body/UNIDO
http://www.wikidata.org/entity/Q38723,http://www.wikidata.org/prop/direct/P1709,https://schema.org/CollegeOrUniversity
http://www.wikidata.org/entity/Q3914,http://www.wikidata.org/prop/direct/P1709,http://data.culture.fr/thesaurus/page/ark:/67717/T1-1340
http://www.wikidata.org/entity/Q3914,http://www.wikidata.org/prop/direct/P1709,http://dbpedia.org/ontology/School
http://www.wikidata.org/entity/Q3914,http://www.wikidata.org/prop/direct/P1709,http://pcp-on-web.de/ontology#School
http://www.wikidata.org/entity/Q3914,http://www.wikidata.org/prop/direct/P1709,https://schema.org/School
http://www.wikidata.org/entity/Q3917681,http://www.wikidata.org/prop/direct/P1709,https://schema.org/Embassy
http://www.wikidata.org/entity/Q3918,http://www.wikidata.org/prop/direct/P1709,http://dbpedia.org/ontology/University
http://www.wikidata.org/entity/Q3918,http://www.wikidata.org/prop/direct/P1709,http://pcp-on-web.de/ontology#University
http://www.wikidata.org/entity/Q3918,http://www.wikidata.org/prop/direct/P1709,http://swrc.ontoware.org/ontology#University
http://www.wikidata.org/entity/Q39631,http://www.wikidata.org/prop/direct/P1709,https://schema.org/Physician
http://www.wikidata.org/entity/Q39631,http://www.wikidata.org/prop/direct/P2888,https://schema.org/Physician
http://www.wikidata.org/entity/Q399541,http://www.wikidata.org/prop/direct/P2888,http://vocabularies.unesco.org/thesaurus/concept9137
http://www.wikidata.org/entity/Q4018482,http://www.wikidata.org/prop/direct/P1709,http://dbpedia.org/resource/Education_minister
http://www.wikidata.org/entity/Q4018482,http://www.wikidata.org/prop/direct/P1709,http://id.loc.gov/authorities/subjects/sh2009006973
http://www.wikidata.org/entity/Q40348,http://www.wikidata.org/prop/direct/P1709,http://dbpedia.org/ontology/Lawyer
http://www.wikidata.org/entity/Q40348,http://www.wikidata.org/prop/direct/P1709,https://schema.org/Attorney
http://www.wikidata.org/entity/Q40357,http://www.wikidata.org/prop/direct/P1709,http://dbpedia.org/ontology/Prison
http://www.wikidata.org/entity/Q40357,http://www.wikidata.org/prop/direct/P2888,http://wordnet-rdf.princeton.edu/wn30/04005630-n
http://www.wikidata.org/entity/Q40357,http://www.wikidata.org/prop/direct/P2888,http://wordnet-rdf.princeton.edu/wn31/103952595-n
http://www.wikidata.org/entity/Q41298,http://www.wikidata.org/prop/direct/P1709,http://dbpedia.org/ontology/Magazine
http://www.wikidata.org/entity/Q41298,http://www.wikidata.org/prop/direct/P2888,http://purl.org/coar/resource_type/c_2cd9
http://www.wikidata.org/entity/Q42178,http://www.wikidata.org/prop/direct/P1709,http://dbpedia.org/ontology/VicePresident
http://www.wikidata.org/entity/Q423208,http://www.wikidata.org/prop/direct/P1709,http://id.esd.org.uk/organisationType/63
http://www.wikidata.org/entity/Q42603,http://www.wikidata.org/prop/direct/P1709,http://dbpedia.org/ontology/Priest
http://www.wikidata.org/entity/Q4270517,http://www.wikidata.org/prop/direct/P1709,http://dbpedia.org/ontology/Skier
http://www.wikidata.org/entity/Q4271324,http://www.wikidata.org/prop/direct/P1709,http://dbpedia.org/ontology/MythologicalFigure
http://www.wikidata.org/entity/Q4287745,http://www.wikidata.org/prop/direct/P1709,https://schema.org/MedicalOrganization
http://www.wikidata.org/entity/Q43115,http://www.wikidata.org/prop/direct/P1709,http://dbpedia.org/ontology/Saint
http://www.wikidata.org/entity/Q43229,http://www.wikidata.org/prop/direct/P1709,http://dbpedia.org/ontology/Organisation
http://www.wikidata.org/entity/Q43229,http://www.wikidata.org/prop/direct/P1709,http://id.loc.gov/ontologies/bibframe/Organization
http://www.wikidata.org/entity/Q43229,http://www.wikidata.org/prop/direct/P1709,http://purl.bioontology.org/ontology/HL7/C1561598
http://www.wikidata.org/entity/Q43229,http://www.wikidata.org/prop/direct/P1709,http://purl.bioontology.org/ontology/STY/T092
http://www.wikidata.org/entity/Q43229,http://www.wikidata.org/prop/direct/P1709,http://purl.obolibrary.org/obo/OBI_0000245
http://www.wikidata.org/entity/Q43229,http://www.wikidata.org/prop/direct/P1709,https://id.oclc.org/worldcat/entity/Q4
http://www.wikidata.org/entity/Q43229,http://www.wikidata.org/prop/direct/P1709,https://schema.org/Organization
http://www.wikidata.org/entity/Q43229,http://www.wikidata.org/prop/direct/P1709,http://sw-portal.deri.org/ontologies/swportal#Organization
http://www.wikidata.org/entity/Q43229,http://www.wikidata.org/prop/direct/P1709,https://www.w3.org/ns/activitystreams#Organization
http://www.wikidata.org/entity/Q43229,http://www.wikidata.org/prop/direct/P1709,http://www.popoloproject.com/specs/organization.html
http://www.wikidata.org/entity/Q43229,http://www.wikidata.org/prop/direct/P1709,http://www.w3.org/ns/org#Organization
http://www.wikidata.org/entity/Q43229,http://www.wikidata.org/prop/direct/P1709,http://xmlns.com/foaf/0.1/Organization
http://www.wikidata.org/entity/Q43229,http://www.wikidata.org/prop/direct/P2888,https://w3id.org/italia/onto/COV/Organization
http://www.wikidata.org/entity/Q43501,http://www.wikidata.org/prop/direct/P1709,http://dbpedia.org/ontology/Zoo
http://www.wikidata.org/entity/Q43501,http://www.wikidata.org/prop/direct/P1709,https://schema.org/Zoo
http://www.wikidata.org/entity/Q43501,http://www.wikidata.org/prop/direct/P2888,http://purl.obolibrary.org/obo/ENVO_00010625
http://www.wikidata.org/entity/Q4382945,http://www.wikidata.org/prop/direct/P1709,https://schema.org/OnlineStore
http://www.wikidata.org/entity/Q43845,http://www.wikidata.org/prop/direct/P3950,https://www.yso.fi/onto/yso/p6406
http://www.wikidata.org/entity/Q43845,http://www.wikidata.org/prop/direct/P3950,https://www.yso.fi/onto/yso/p6407
http://www.wikidata.org/entity/Q4438121,http://www.wikidata.org/prop/direct/P1709,https://schema.org/SportsOrganization
http://www.wikidata.org/entity/Q44613,http://www.wikidata.org/prop/direct/P1709,http://dbpedia.org/ontology/Monastery
http://www.wikidata.org/entity/Q44613,http://www.wikidata.org/prop/direct/P2888,http://wordnet-rdf.princeton.edu/wn30/03781244-n
http://www.wikidata.org/entity/Q44613,http://www.wikidata.org/prop/direct/P2888,http://wordnet-rdf.princeton.edu/wn31/103739774-n
http://www.wikidata.org/entity/Q4479442,http://www.wikidata.org/prop/direct/P2888,https://schema.org/founder
http://www.wikidata.org/entity/Q4498974,http://www.wikidata.org/prop/direct/P1709,http://dbpedia.org/ontology/HockeyTeam
http://www.wikidata.org/entity/Q45433,http://www.wikidata.org/prop/direct/P2888,https://findthatcharity.uk/orgid/XI-ROR-00t3pr326
http://www.wikidata.org/entity/Q459886,http://www.wikidata.org/prop/direct/P2888,http://purl.obolibrary.org/obo/ENVO_01000923
http://www.wikidata.org/entity/Q4687984,http://www.wikidata.org/prop/direct/P2888,http://dbpedia.org/resource/Aerial_Image_Library
http://www.wikidata.org/entity/Q46970,http://www.wikidata.org/prop/direct/P1709,http://dbpedia.org/ontology/Airline
http://www.wikidata.org/entity/Q46970,http://www.wikidata.org/prop/direct/P1709,https://schema.org/Airline
http://www.wikidata.org/entity/Q47501825,http://www.wikidata.org/prop/direct/P1709,http://mappings.dbpedia.org/index.php/OntologyClass:Mayor
http://www.wikidata.org/entity/Q476028,http://www.wikidata.org/prop/direct/P1709,http://dbpedia.org/ontology/SoccerClub
http://www.wikidata.org/entity/Q483501,http://www.wikidata.org/prop/direct/P1709,http://dbpedia.org/ontology/Artist
http://www.wikidata.org/entity/Q484188,http://www.wikidata.org/prop/direct/P1709,http://dbpedia.org/ontology/SerialKiller
http://www.wikidata.org/entity/Q48673045,http://www.wikidata.org/prop/direct/P2888,http://imagenet.stanford.edu/synset?wnid=n10701644
http://www.wikidata.org/entity/Q486839,http://www.wikidata.org/prop/direct/P1709,http://dbpedia.org/ontology/MemberOfParliament
http://www.wikidata.org/entity/Q488111,http://www.wikidata.org/prop/direct/P1709,http://dbpedia.org/ontology/AdultActor
http://www.wikidata.org/entity/Q494230,http://www.wikidata.org/prop/direct/P1709,http://pcp-on-web.de/ontology#FacultyOfMedicine
http://www.wikidata.org/entity/Q4964182,http://www.wikidata.org/prop/direct/P1709,http://dbpedia.org/ontology/Philosopher
http://www.wikidata.org/entity/Q49757,http://www.wikidata.org/prop/direct/P1709,http://dbpedia.org/ontology/Poet
http://www.wikidata.org/entity/Q5,http://www.wikidata.org/prop/direct/P1709,http://purl.bioontology.org/ontology/STY/T016
http://www.wikidata.org/entity/Q5,http://www.wikidata.org/prop/direct/P1709,https://schema.org/Person
http://www.wikidata.org/entity/Q5,http://www.wikidata.org/prop/direct/P1709,http://xmlns.com/foaf/0.1/Person
http://www.wikidata.org/entity/Q5,http://www.wikidata.org/prop/direct/P2888,http://erlangen-crm.org/current/E21_Person
http://www.wikidata.org/entity/Q5,http://www.wikidata.org/prop/direct/P2888,http://xmlns.com/foaf/spec/Person
http://www.wikidata.org/entity/Q5037272,http://www.wikidata.org/prop/direct/P2888,https://www.wikidata.org/wiki/Q76763624
http://www.wikidata.org/entity/Q51161196,http://www.wikidata.org/prop/direct/P2888,http://publications.europa.eu/resource/authority/corporate-body/EP_FINANCE
http://www.wikidata.org/entity/Q517760,http://www.wikidata.org/prop/direct/P2888,http://www.treccani.it/vocabolario/comune3/
http://www.wikidata.org/entity/Q519076,http://www.wikidata.org/prop/direct/P1709,https://schema.org/RealEstateAgent
http://www.wikidata.org/entity/Q5227240,http://www.wikidata.org/prop/direct/P2888,http://purl.org/spar/fabio/DataRepository
http://www.wikidata.org/entity/Q523342,http://www.wikidata.org/prop/direct/P2888,https://data.niod.nl/WO2_Thesaurus/kampen/3662
http://www.wikidata.org/entity/Q5307737,http://www.wikidata.org/prop/direct/P1709,https://schema.org/BarOrPub
http://www.wikidata.org/entity/Q5341295,http://www.wikidata.org/prop/direct/P1709,https://schema.org/EducationalOrganization
http://www.wikidata.org/entity/Q5393308,http://www.wikidata.org/prop/direct/P1709,https://schema.org/BuddhistTemple
http://www.wikidata.org/entity/Q543219,http://www.wikidata.org/prop/direct/P2888,https://www.wikidata.org/wiki/Q543219
http://www.wikidata.org/entity/Q5657858,http://www.wikidata.org/prop/direct/P1709,http://lemac.sgcb.mcu.es/Autoridades/LEMAC201216952/concept
http://www.wikidata.org/entity/Q5669847,http://www.wikidata.org/prop/direct/P1709,http://swrc.ontoware.org/ontology#AssistantProfessor
http://www.wikidata.org/entity/Q578521,http://www.wikidata.org/prop/direct/P1709,http://dbpedia.org/page/Boroughs_of_Montreal
http://www.wikidata.org/entity/Q578521,http://www.wikidata.org/prop/direct/P1709,http://de.dbpedia.org/resource/Arrondissements_von_Montreal
http://www.wikidata.org/entity/Q578521,http://www.wikidata.org/prop/direct/P1709,http://es.dbpedia.org/resource/Distritos_de_Montreal
http://www.wikidata.org/entity/Q578521,http://www.wikidata.org/prop/direct/P1709,http://fr.dbpedia.org/resource/Arrondissements_de_Montréal
http://www.wikidata.org/entity/Q578521,http://www.wikidata.org/prop/direct/P1709,http://nl.dbpedia.org/page/Arrondissementen_van_Montreal
http://www.wikidata.org/entity/Q6051619,http://www.wikidata.org/prop/direct/P1709,http://pcp-on-web.de/ontology#Publicist
http://www.wikidata.org/entity/Q611712,http://www.wikidata.org/prop/direct/P2888,https://findthatcharity.uk/orgid/XI-ROR-04mwe1m14
http://www.wikidata.org/entity/Q613142,http://www.wikidata.org/prop/direct/P1709,http://dbpedia.org/ontology/LawFirm
http://www.wikidata.org/entity/Q622425,http://www.wikidata.org/prop/direct/P1709,https://schema.org/NightClub
http://www.wikidata.org/entity/Q623109,http://www.wikidata.org/prop/direct/P1709,http://dbpedia.org/ontology/SportsLeague
http://www.wikidata.org/entity/Q623109,http://www.wikidata.org/prop/direct/P2888,http://cv.iptc.org/newscodes/spct/league
http://www.wikidata.org/entity/Q628099,http://www.wikidata.org/prop/direct/P1709,http://dbpedia.org/ontology/SoccerManager
http://www.wikidata.org/entity/Q62849941,http://www.wikidata.org/prop/direct/P1709,https://schema.org/LocalBusiness
http://www.wikidata.org/entity/Q62849941,http://www.wikidata.org/prop/direct/P1709,https://www.schema.org/LocalBusiness
http://www.wikidata.org/entity/Q63755054,http://www.wikidata.org/prop/direct/P3950,http://schema.org/GeneralContractor
http://www.wikidata.org/entity/Q63755054,http://www.wikidata.org/prop/direct/P3950,http://schema.org/RoofingContractor
http://www.wikidata.org/entity/Q637776,http://www.wikidata.org/prop/direct/P2888,http://purl.obolibrary.org/obo/ENVO_00003862
http://www.wikidata.org/entity/Q6501447,http://www.wikidata.org/prop/direct/P1709,http://dbpedia.org/resource/Local_government
http://www.wikidata.org/entity/Q6501447,http://www.wikidata.org/prop/direct/P1709,http://lemac.sgcb.mcu.es/Autoridades/LEMAC201220789/concept
http://www.wikidata.org/entity/Q6585303,http://www.wikidata.org/prop/direct/P2888,https://www.wikidata.org/wiki/Q120069167
http://www.wikidata.org/entity/Q65997,http://www.wikidata.org/prop/direct/P2888,https://finto.fi/kauno/en/page/p6443
http://www.wikidata.org/entity/Q65997,http://www.wikidata.org/prop/direct/P2888,https://finto.fi/koko/en/page/p75488
http://www.wikidata.org/entity/Q65997,http://www.wikidata.org/prop/direct/P2888,https://finto.fi/ysa/en/page/Y208730
http://www.wikidata.org/entity/Q65997,http://www.wikidata.org/prop/direct/P2888,https://finto.fi/yso/en/page/p29154
http://www.wikidata.org/entity/Q6631808,http://www.wikidata.org/prop/direct/P1709,http://dbpedia.org/ontology/BaseballLeague
http://www.wikidata.org/entity/Q674182,http://www.wikidata.org/prop/direct/P2888,http://publications.europa.eu/resource/authority/corporate-body/COU_ARCTIC
http://www.wikidata.org/entity/Q67883649,http://www.wikidata.org/prop/direct/P2888,https://schema.org/Nonprofit501c1
http://www.wikidata.org/entity/Q679206,http://www.wikidata.org/prop/direct/P1709,http://www.w3.org/ns/org#OrganizationalUnit
http://www.wikidata.org/entity/Q69423232,http://www.wikidata.org/prop/direct/P3950,http://metadataregistry.org/schemaprop/show/id/14249.html
http://www.wikidata.org/entity/Q69423232,http://www.wikidata.org/prop/direct/P3950,http://rdaregistry.info/Elements/e/elokuvanKasikirjoitusEkspressio.fi
http://www.wikidata.org/entity/Q69423232,http://www.wikidata.org/prop/direct/P3950,http://rdaregistry.info/Elements/e/filmmanuskriptUdtryk.da
http://www.wikidata.org/entity/Q69423232,http://www.wikidata.org/prop/direct/P3950,http://rdaregistry.info/Elements/e/motionPictureScreenplayExpression.en
http://www.wikidata.org/entity/Q69423232,http://www.wikidata.org/prop/direct/P3950,http://rdaregistry.info/Elements/e/σενάριοΚινηματογραφικήςΤαινίαςΈκφρασης.el
http://www.wikidata.org/entity/Q69423232,http://www.wikidata.org/prop/direct/P3950,http://www.rdaregistry.info/Elements/e/#P20158
http://www.wikidata.org/entity/Q703534,http://www.wikidata.org/prop/direct/P1709,http://swrc.ontoware.org/ontology#Employee
http://www.wikidata.org/entity/Q7075,http://www.wikidata.org/prop/direct/P1709,http://cat.aii.caas.cn/concept/45625
http://www.wikidata.org/entity/Q7075,http://www.wikidata.org/prop/direct/P1709,http://dati.beniculturali.it/cis/Library
http://www.wikidata.org/entity/Q7075,http://www.wikidata.org/prop/direct/P1709,http://dbpedia.org/ontology/Library
http://www.wikidata.org/entity/Q7075,http://www.wikidata.org/prop/direct/P1709,http://id.cabi.org/cabt/66528
http://www.wikidata.org/entity/Q7075,http://www.wikidata.org/prop/direct/P1709,https://schema.org/Library
http://www.wikidata.org/entity/Q715301,http://www.wikidata.org/prop/direct/P1709,http://comicmeta.org/cbo/Contributor
http://www.wikidata.org/entity/Q7278,http://www.wikidata.org/prop/direct/P1709,http://dbpedia.org/ontology/PoliticalParty
http://www.wikidata.org/entity/Q7278,http://www.wikidata.org/prop/direct/P1709,https://schema.org/PoliticalParty
http://www.wikidata.org/entity/Q730038,http://www.wikidata.org/prop/direct/P1709,https://schema.org/BankOrCreditUnion
http://www.wikidata.org/entity/Q735032,http://www.wikidata.org/prop/direct/P1709,http://lemac.sgcb.mcu.es/Autoridades/LEMAC201206248/concept
http://www.wikidata.org/entity/Q737498,http://www.wikidata.org/prop/direct/P1709,http://dbpedia.org/ontology/AcademicJournal
http://www.wikidata.org/entity/Q737498,http://www.wikidata.org/prop/direct/P2888,http://purl.org/coar/resource_type/c_0640
http://www.wikidata.org/entity/Q740752,http://www.wikidata.org/prop/direct/P1709,https://dbpedia.org/ontology/PublicTransitSystem
http://www.wikidata.org/entity/Q7444376,http://www.wikidata.org/prop/direct/P2888,http://dbpedia.org/resource/Maryland_Secretary_of_State
http://www.wikidata.org/entity/Q7444376,http://www.wikidata.org/prop/direct/P2888,http://dbpedia.org/resource/Secretary_of_State_of_Maryland
http://www.wikidata.org/entity/Q7444376,http://www.wikidata.org/prop/direct/P2888,http://yago-knowledge.org/resource/Secretary_of_State_of_Maryland
http://www.wikidata.org/entity/Q750656,http://www.wikidata.org/prop/direct/P2888,http://wordnet-rdf.princeton.edu/wn31/103560606-n
http://www.wikidata.org/entity/Q753110,http://www.wikidata.org/prop/direct/P1709,http://dbpedia.org/ontology/SongWriter
http://www.wikidata.org/entity/Q7560,http://www.wikidata.org/prop/direct/P2888,http://wordnet-rdf.princeton.edu/wn30/10332385-n
http://www.wikidata.org/entity/Q7560,http://www.wikidata.org/prop/direct/P2888,http://wordnet-rdf.princeton.edu/wn31/110266795-n
http://www.wikidata.org/entity/Q7566,http://www.wikidata.org/prop/direct/P1709,http://www.w3.org/2006/vcard/ns#Parent
http://www.wikidata.org/entity/Q780,http://www.wikidata.org/prop/direct/P2888,http://purl.obolibrary.org/obo/ENVO_00003066
http://www.wikidata.org/entity/Q79913,http://www.wikidata.org/prop/direct/P1709,https://schema.org/NGO
http://www.wikidata.org/entity/Q79913,http://www.wikidata.org/prop/direct/P2888,http://publications.europa.eu/resource/authority/corporate-body/NGO
http://www.wikidata.org/entity/Q814610,http://www.wikidata.org/prop/direct/P1709,https://schema.org/EmergencyService
http://www.wikidata.org/entity/Q814610,http://www.wikidata.org/prop/direct/P2888,https://schema.org/EmergencyService
http://www.wikidata.org/entity/Q82955,http://www.wikidata.org/prop/direct/P1709,http://dbpedia.org/ontology/Politician
http://www.wikidata.org/entity/Q83307,http://www.wikidata.org/prop/direct/P1709,http://id.loc.gov/authorities/subjects/sh85018567
http://www.wikidata.org/entity/Q83307,http://www.wikidata.org/prop/direct/P1709,http://reference.data.gov.uk/def/central-government/Minister
http://www.wikidata.org/entity/Q837142,http://www.wikidata.org/prop/direct/P2888,http://purl.obolibrary.org/obo/ENVO_01000932
http://www.wikidata.org/entity/Q842606,http://www.wikidata.org/prop/direct/P1709,http://dbpedia.org/ontology/RomanEmperor
http://www.wikidata.org/entity/Q842623,http://www.wikidata.org/prop/direct/P2888,http://purl.obolibrary.org/obo/ENVO_00000297
http://www.wikidata.org/entity/Q8436,http://www.wikidata.org/prop/direct/P1709,http://dbpedia.org/ontology/Family
http://www.wikidata.org/entity/Q8436,http://www.wikidata.org/prop/direct/P1709,http://id.loc.gov/ontologies/bibframe/Family
http://www.wikidata.org/entity/Q8436,http://www.wikidata.org/prop/direct/P1709,http://pcp-on-web.de/ontology#Family
http://www.wikidata.org/entity/Q8463304,http://www.wikidata.org/prop/direct/P2888,http://purl.obolibrary.org/obo/ENVO_01000969
http://www.wikidata.org/entity/Q854830,http://www.wikidata.org/prop/direct/P2888,http://wordnet-rdf.princeton.edu/wn30/10148035-n
http://www.wikidata.org/entity/Q855091,http://www.wikidata.org/prop/direct/P1709,http://dbpedia.org/ontology/Guitarist
http://www.wikidata.org/entity/Q856887,http://www.wikidata.org/prop/direct/P2888,http://publications.europa.eu/resource/authority/corporate-body/BDS
http://www.wikidata.org/entity/Q861951,http://www.wikidata.org/prop/direct/P1709,https://schema.org/PoliceStation
http://www.wikidata.org/entity/Q864380,http://www.wikidata.org/prop/direct/P1709,http://id.loc.gov/entities/roles/biographer
http://www.wikidata.org/entity/Q875157,http://www.wikidata.org/prop/direct/P1709,http://purl.org/acco/ns#Resort
http://www.wikidata.org/entity/Q875157,http://www.wikidata.org/prop/direct/P1709,https://schema.org/Resort
http://www.wikidata.org/entity/Q879146,http://www.wikidata.org/prop/direct/P1709,http://pcp-on-web.de/ontology#Denomination
http://www.wikidata.org/entity/Q8880,http://www.wikidata.org/prop/direct/P2888,http://data.europa.eu/euodp/en/data/publisher/com
http://www.wikidata.org/entity/Q8880,http://www.wikidata.org/prop/direct/P2888,http://publications.europa.eu/resource/authority/corporate-body/COM
http://www.wikidata.org/entity/Q901,http://www.wikidata.org/prop/direct/P1709,http://dbpedia.org/ontology/Scientist
http://www.wikidata.org/entity/Q902104,http://www.wikidata.org/prop/direct/P1709,http://dbpedia.org/resource/Private_university
http://www.wikidata.org/entity/Q902104,http://www.wikidata.org/prop/direct/P1709,https://global.dbpedia.org/id/53g3J
http://www.wikidata.org/entity/Q9305769,http://www.wikidata.org/prop/direct/P1709,http://data.culture.fr/thesaurus/page/ark:/67717/T1-1435
http://www.wikidata.org/entity/Q9305769,http://www.wikidata.org/prop/direct/P1709,http://lemac.sgcb.mcu.es/Autoridades/LEMAC201223224/concept
http://www.wikidata.org/entity/Q931260,http://www.wikidata.org/prop/direct/P1709,http://dbpedia.org/ontology/Murderer
http://www.wikidata.org/entity/Q9344260,http://www.wikidata.org/prop/direct/P1709,http://pcp-on-web.de/ontology#AsscociateProfessor
http://www.wikidata.org/entity/Q9344260,http://www.wikidata.org/prop/direct/P1709,http://swrc.ontoware.org/ontology#AssociateProfessor
http://www.wikidata.org/entity/Q937857,http://www.wikidata.org/prop/direct/P1709,http://dbpedia.org/ontology/SoccerPlayer
http://www.wikidata.org/entity/Q947305,http://www.wikidata.org/prop/direct/P2888,http://www.treccani.it/vocabolario/scaldo/
http://www.wikidata.org/entity/Q947873,http://www.wikidata.org/prop/direct/P1709,http://dbpedia.org/ontology/TelevisionHost
http://www.wikidata.org/entity/Q95074,http://www.wikidata.org/prop/direct/P1709,http://dbpedia.org/ontology/FictionalCharacter
http://www.wikidata.org/entity/Q97118982,http://www.wikidata.org/prop/direct/P2888,https://schema.org/Nonprofit501c5
http://www.wikidata.org/entity/Q97961514,http://www.wikidata.org/prop/direct/P1709,https://schema.org/HighSchool
