prop,ext,type,status
http://www.wikidata.org/entity/P112,http://bibliograph.net/founder,Equiv_Prop,
http://www.wikidata.org/entity/P123,http://bibliograph.net/publishedBy,Equiv_Prop,
http://www.wikidata.org/entity/P629,http://bibliograph.net/translationOfWork,Ext_Subprop,
http://www.wikidata.org/entity/P9745,http://bibliograph.net/translationOfWork,Exact_Prop,
http://www.wikidata.org/entity/P655,http://bibliograph.net/translator,Equiv_Prop,
http://www.wikidata.org/entity/P688,http://bioschemas.org/encodesBioChemEntity,Equiv_Prop,
http://www.wikidata.org/entity/P5572,http://bioschemas.org/expressedIn,Equiv_Prop,
http://www.wikidata.org/entity/P680,http://bioschemas.org/hasMolecularFunction,Equiv_Prop,
http://www.wikidata.org/entity/P235,http://bioschemas.org/inChIKey,Equiv_Prop,
http://www.wikidata.org/entity/P702,http://bioschemas.org/isEncodedByBioChemEntity,Equiv_Prop,
http://www.wikidata.org/entity/P682,http://bioschemas.org/isInvolvedInBiologicalProcess,Equiv_Prop,
http://www.wikidata.org/entity/P681,http://bioschemas.org/isLocatedInSubcellularLocation,Equiv_Prop,
http://www.wikidata.org/entity/P274,http://bioschemas.org/molecularFormula,Equiv_Prop,
http://www.wikidata.org/entity/P171,http://bioschemas.org/parentTaxon,Equiv_Prop,
http://www.wikidata.org/entity/P233,http://bioschemas.org/smiles,Equiv_Prop,
http://www.wikidata.org/entity/P105,http://bioschemas.org/taxonRank,Equiv_Prop,
http://www.wikidata.org/entity/P4969,http://comicmeta.org/cbo/adaptation,Equiv_Prop,
http://www.wikidata.org/entity/P144,http://comicmeta.org/cbo/adaptationOf,Equiv_Prop,
http://www.wikidata.org/entity/P767,http://comicmeta.org/cbo/contributor,Equiv_Prop,
http://www.wikidata.org/entity/P750,http://comicmeta.org/cbo/distributedBy,Ext_Subprop,
http://www.wikidata.org/entity/P136,http://comicmeta.org/cbo/genre,Ext_Subprop,
http://www.wikidata.org/entity/P957,http://comicmeta.org/cbo/isbn,Ext_Superprop,
http://www.wikidata.org/entity/P212,http://comicmeta.org/cbo/isbn,Ext_Superprop,
http://www.wikidata.org/entity/P433,http://comicmeta.org/cbo/issueNumber,Equiv_Prop,
http://www.wikidata.org/entity/P364,http://comicmeta.org/cbo/language,Ext_Subprop,
http://www.wikidata.org/entity/P186,http://comicmeta.org/cbo/material,Ext_Subprop,
http://www.wikidata.org/entity/P127,http://comicmeta.org/cbo/owner,Ext_Subprop,
http://www.wikidata.org/entity/P1104,http://comicmeta.org/cbo/pageCount,Equiv_Prop,
http://www.wikidata.org/entity/P577,http://comicmeta.org/cbo/publicationDate,Equiv_Prop,
http://www.wikidata.org/entity/P2896,http://comicmeta.org/cbo/publicationFrequency,Equiv_Prop,
http://www.wikidata.org/entity/P123,http://comicmeta.org/cbo/publisher,Ext_Subprop,
http://www.wikidata.org/entity/P361,http://comicmeta.org/cbo/series,Ext_Subprop,
http://www.wikidata.org/entity/P527,http://comicmeta.org/cbo/seriesOf,Ext_Subprop,
http://www.wikidata.org/entity/P1476,http://comicmeta.org/cbo/storyTitle,Ext_Subprop,
http://www.wikidata.org/entity/P747,http://comicmeta.org/cbo/translation,Ext_Subprop,
http://www.wikidata.org/entity/P629,http://comicmeta.org/cbo/translationOf,Ext_Subprop,
http://www.wikidata.org/entity/P9745,http://comicmeta.org/cbo/translationOf,Exact_Prop,
http://www.wikidata.org/entity/P478,http://comicmeta.org/cbo/volumeNumber,Equiv_Prop,
http://www.wikidata.org/entity/P461,http://conceptnet5.media.mit.edu/web/r/Antonym,Equiv_Prop,privacy error
http://www.wikidata.org/entity/P512,http://d-nb.info/standards/elementset/gnd#academicDegree,Equiv_Prop,
http://www.wikidata.org/entity/P1416,http://d-nb.info/standards/elementset/gnd#affiliation,Equiv_Prop,
http://www.wikidata.org/entity/P84,http://d-nb.info/standards/elementset/gnd#architect,Equiv_Prop,
http://www.wikidata.org/entity/P50,http://d-nb.info/standards/elementset/gnd#author,Equiv_Prop,
http://www.wikidata.org/entity/P31,http://d-nb.info/standards/elementset/gnd#broaderTermInstantial,Equiv_Prop,
http://www.wikidata.org/entity/P361,http://d-nb.info/standards/elementset/gnd#broaderTermPartitive,Ext_Superprop,
http://www.wikidata.org/entity/P463,http://d-nb.info/standards/elementset/gnd#broaderTermPartitive,Ext_Superprop,
http://www.wikidata.org/entity/P1809,http://d-nb.info/standards/elementset/gnd#choreographer,Equiv_Prop,
http://www.wikidata.org/entity/P86,http://d-nb.info/standards/elementset/gnd#composer,Equiv_Prop,
http://www.wikidata.org/entity/P17,http://d-nb.info/standards/elementset/gnd#Country,Equiv_Prop,
http://www.wikidata.org/entity/P170,http://d-nb.info/standards/elementset/gnd#creator,Equiv_Prop,
http://www.wikidata.org/entity/P569,http://d-nb.info/standards/elementset/gnd#dateOfBirth,Equiv_Prop,
http://www.wikidata.org/entity/P570,http://d-nb.info/standards/elementset/gnd#dateOfDeath,Equiv_Prop,
http://www.wikidata.org/entity/P577,http://d-nb.info/standards/elementset/gnd#dateOfPublication,Equiv_Prop,
http://www.wikidata.org/entity/P2515,http://d-nb.info/standards/elementset/gnd#designer,Ext_Superprop,
http://www.wikidata.org/entity/P2554,http://d-nb.info/standards/elementset/gnd#designer,Ext_Superprop,
http://www.wikidata.org/entity/P5026,http://d-nb.info/standards/elementset/gnd#designer,Ext_Superprop,
http://www.wikidata.org/entity/P5028,http://d-nb.info/standards/elementset/gnd#designer,Ext_Superprop,
http://www.wikidata.org/entity/P5880,http://d-nb.info/standards/elementset/gnd#designer,Ext_Superprop,
http://www.wikidata.org/entity/P5881,http://d-nb.info/standards/elementset/gnd#designer,Ext_Superprop,
http://www.wikidata.org/entity/P57,http://d-nb.info/standards/elementset/gnd#director,Equiv_Prop,
http://www.wikidata.org/entity/P344,http://d-nb.info/standards/elementset/gnd#directorOfPhotography,Equiv_Prop,
http://www.wikidata.org/entity/P98,http://d-nb.info/standards/elementset/gnd#editor,Equiv_Prop,
http://www.wikidata.org/entity/P735,http://d-nb.info/standards/elementset/gnd#forename,Equiv_Prop,
http://www.wikidata.org/entity/P112,http://d-nb.info/standards/elementset/gnd#founder,Equiv_Prop,
http://www.wikidata.org/entity/P21,http://d-nb.info/standards/elementset/gnd#gender,Equiv_Prop,
http://www.wikidata.org/entity/P227,http://d-nb.info/standards/elementset/gnd#gndIdentifier,Equiv_Prop,
http://www.wikidata.org/entity/P856,http://d-nb.info/standards/elementset/gnd#homepage,Equiv_Prop,
http://www.wikidata.org/entity/P110,http://d-nb.info/standards/elementset/gnd#illustratorOrIlluminator,Ext_Superprop,
http://www.wikidata.org/entity/P407,http://d-nb.info/standards/elementset/gnd#language,Equiv_Prop,
http://www.wikidata.org/entity/P527,http://d-nb.info/standards/elementset/gnd#narrowerTermPartitive,Ext_Superprop,
http://www.wikidata.org/entity/P664,http://d-nb.info/standards/elementset/gnd#organizerOrHost,Equiv_Prop,
http://www.wikidata.org/entity/P127,http://d-nb.info/standards/elementset/gnd#owner,Equiv_Prop,
http://www.wikidata.org/entity/P20,http://d-nb.info/standards/elementset/gnd#placeOfDeath,Equiv_Prop,
http://www.wikidata.org/entity/P155,http://d-nb.info/standards/elementset/gnd#precedingConferenceOrEvent,Ext_Subprop,
http://www.wikidata.org/entity/P155,http://d-nb.info/standards/elementset/gnd#precedingCorporateBody,Ext_Subprop,
http://www.wikidata.org/entity/P155,http://d-nb.info/standards/elementset/gnd#predecessor,Equiv_Prop,
http://www.wikidata.org/entity/P742,http://d-nb.info/standards/elementset/gnd#pseudonym,Equiv_Prop,
http://www.wikidata.org/entity/P58,http://d-nb.info/standards/elementset/gnd#screenwriter,Equiv_Prop,
http://www.wikidata.org/entity/P859,http://d-nb.info/standards/elementset/gnd#sponsorOrPatron,Ext_Superprop,
http://www.wikidata.org/entity/P734,http://d-nb.info/standards/elementset/gnd#surname,Equiv_Prop,
http://www.wikidata.org/entity/P921,http://d-nb.info/standards/elementset/gnd#topic,Equiv_Prop,
http://www.wikidata.org/entity/P655,http://d-nb.info/standards/elementset/gnd#translator,Equiv_Prop,
http://www.wikidata.org/entity/P3962,http://data.bnf.fr/ontology/bnf-onto/ean,Equiv_Prop,
http://www.wikidata.org/entity/P577,http://data.bnf.fr/ontology/bnf-onto/firstYear,Equiv_Prop,
http://www.wikidata.org/entity/P268,http://data.bnf.fr/ontology/bnf-onto/FRBNF,Equiv_Prop,
http://www.wikidata.org/entity/P236,http://data.bnf.fr/ontology/bnf-onto/issn,Equiv_Prop,
http://www.wikidata.org/entity/P50,http://data.bnf.fr/vocabulary/roles/r70,Equiv_Prop,
http://www.wikidata.org/entity/P2048,http://data.ign.fr/def/topo#hauteur,Equiv_Prop,
http://www.wikidata.org/entity/P5607,http://dati.beniculturali.it/cis/ClericalAdministrativeArea,Equiv_Prop,
http://www.wikidata.org/entity/P582,http://dati.beniculturali.it/cis/endDate,Equiv_Prop,
http://www.wikidata.org/entity/P6375,http://dati.beniculturali.it/cis/fullAddress,Equiv_Prop,
http://www.wikidata.org/entity/P968,http://dati.beniculturali.it/cis/hasEmail,Equiv_Prop,
http://www.wikidata.org/entity/P2900,http://dati.beniculturali.it/cis/hasFax,Equiv_Prop,
http://www.wikidata.org/entity/P635,http://dati.beniculturali.it/cis/hasISTATCode,Equiv_Prop,
http://www.wikidata.org/entity/P1329,http://dati.beniculturali.it/cis/hasTelephone,Equiv_Prop,
http://www.wikidata.org/entity/P856,http://dati.beniculturali.it/cis/hasWebSite,Equiv_Prop,
http://www.wikidata.org/entity/P791,http://dati.beniculturali.it/cis/ISILIdentifier,Equiv_Prop,
http://www.wikidata.org/entity/P580,http://dati.beniculturali.it/cis/startDate,Equiv_Prop,
http://www.wikidata.org/entity/P1891,http://dati.camera.it/ocd/altro_firmatario,Equiv_Prop,
http://www.wikidata.org/entity/P463,http://dati.camera.it/ocd/membro,Equiv_Prop,
http://www.wikidata.org/entity/P1891,http://dati.camera.it/ocd/primo_firmatario,Equiv_Prop,
http://www.wikidata.org/entity/P2715,http://dati.camera.it/ocd/rif_elezione,Equiv_Prop,
http://www.wikidata.org/entity/P4100,http://dati.camera.it/ocd/rif_gruppoParlamentare,Equiv_Prop,
http://www.wikidata.org/entity/P2937,http://dati.camera.it/ocd/rif_leg,Equiv_Prop,
http://www.wikidata.org/entity/P276,http://dati.camera.it/ocd/rif_luogo,Equiv_Prop,
http://www.wikidata.org/entity/P2031,http://dbpedia.org/ontology/activeYearsStartDate,Equiv_Prop,
http://www.wikidata.org/entity/P161,http://dbpedia.org/ontology/Actor,Equiv_Prop,
http://www.wikidata.org/entity/P473,http://dbpedia.org/ontology/areaCode,Equiv_Prop,
http://www.wikidata.org/entity/P569,http://dbpedia.org/ontology/birthDate,Equiv_Prop,
http://www.wikidata.org/entity/P19,http://dbpedia.org/ontology/birthPlace,Equiv_Prop,
http://www.wikidata.org/entity/P651,http://dbpedia.org/ontology/bpnId,Equiv_Prop,
http://www.wikidata.org/entity/P231,http://dbpedia.org/ontology/casNumber,Equiv_Prop,
http://www.wikidata.org/entity/P2048,http://dbpedia.org/ontology/ConveyorSystem/height,Ext_Subprop,
http://www.wikidata.org/entity/P17,http://dbpedia.org/ontology/country,Equiv_Prop,
http://www.wikidata.org/entity/P570,http://dbpedia.org/ontology/deathDate,Equiv_Prop,
http://www.wikidata.org/entity/P20,http://dbpedia.org/ontology/deathPlace,Equiv_Prop,
http://www.wikidata.org/entity/P2048,http://dbpedia.org/ontology/Escalator/height,Ext_Subprop,
http://www.wikidata.org/entity/P2048,http://dbpedia.org/ontology/height,Equiv_Prop,
http://www.wikidata.org/entity/P227,http://dbpedia.org/ontology/individualisedGnd,Equiv_Prop,
http://www.wikidata.org/entity/P200,http://dbpedia.org/ontology/inflow,Equiv_Prop,
http://www.wikidata.org/entity/P1144,http://dbpedia.org/ontology/lccn,Equiv_Prop,
http://www.wikidata.org/entity/P2048,http://dbpedia.org/ontology/MeanOfTransportation/height,Ext_Subprop,
http://www.wikidata.org/entity/P2048,http://dbpedia.org/ontology/MovingWalkway/height,Ext_Subprop,
http://www.wikidata.org/entity/P2561,http://dbpedia.org/ontology/name,Equiv_Prop,
http://www.wikidata.org/entity/P409,http://dbpedia.org/ontology/nlaId,Equiv_Prop,
http://www.wikidata.org/entity/P2048,http://dbpedia.org/ontology/On-SiteTransportation/height,Ext_Subprop,
http://www.wikidata.org/entity/P201,http://dbpedia.org/ontology/outflow,Equiv_Prop,
http://www.wikidata.org/entity/P2048,http://dbpedia.org/ontology/Person/height,Ext_Subprop,
http://www.wikidata.org/entity/P1082,http://dbpedia.org/ontology/populationTotal,Equiv_Prop,
http://www.wikidata.org/entity/P371,http://dbpedia.org/ontology/presenter,Equiv_Prop,
http://www.wikidata.org/entity/P162,http://dbpedia.org/ontology/producer,Equiv_Prop,
http://www.wikidata.org/entity/P123,http://dbpedia.org/ontology/publisher,Equiv_Prop,
http://www.wikidata.org/entity/P264,http://dbpedia.org/ontology/recordLabel,Equiv_Prop,
http://www.wikidata.org/entity/P650,http://dbpedia.org/ontology/rkdArtistsId,Equiv_Prop,
http://www.wikidata.org/entity/P1083,http://dbpedia.org/ontology/seatingCapacity,Equiv_Prop,
http://www.wikidata.org/entity/P26,http://dbpedia.org/ontology/spouse,Equiv_Prop,
http://www.wikidata.org/entity/P2048,http://dbpedia.org/ontology/Weapon/height,Ext_Subprop,
http://www.wikidata.org/entity/P2047,http://dbpedia.org/ontology/Work/runtime,Equiv_Prop,
http://www.wikidata.org/entity/P856,http://dbpedia.org/property/homepage,Equiv_Prop,
http://www.wikidata.org/entity/P483,http://fr.dbpedia.org/property/enregistréLieu,Equiv_Prop,
http://www.wikidata.org/entity/P371,http://fr.dbpedia.org/property/présentateur,Equiv_Prop,
http://www.wikidata.org/entity/P162,http://fr.dbpedia.org/property/producteur,Equiv_Prop,
http://www.wikidata.org/entity/P580,http://gov.genealogy.net/ontology.owl#begin,Equiv_Prop,
http://www.wikidata.org/entity/P582,http://gov.genealogy.net/ontology.owl#end,Equiv_Prop,
http://www.wikidata.org/entity/P2046,http://gov.genealogy.net/ontology.owl#hasArea,Equiv_Prop,
http://www.wikidata.org/entity/P50,http://gov.genealogy.net/ontology.owl#hasAuthor,Equiv_Prop,
http://www.wikidata.org/entity/P140,http://gov.genealogy.net/ontology.owl#hasDenomination,Equiv_Prop,
http://www.wikidata.org/entity/P1538,http://gov.genealogy.net/ontology.owl#hasHouseholds,Equiv_Prop,
http://www.wikidata.org/entity/P957,http://gov.genealogy.net/ontology.owl#hasISBN,Ext_Superprop,
http://www.wikidata.org/entity/P212,http://gov.genealogy.net/ontology.owl#hasISBN,Ext_Superprop,
http://www.wikidata.org/entity/P2561,http://gov.genealogy.net/ontology.owl#hasName,Equiv_Prop,
http://www.wikidata.org/entity/P1082,http://gov.genealogy.net/ontology.owl#hasPopulation,Equiv_Prop,
http://www.wikidata.org/entity/P281,http://gov.genealogy.net/ontology.owl#hasPostalCode,Equiv_Prop,
http://www.wikidata.org/entity/P1476,http://gov.genealogy.net/ontology.owl#hasTitle,Equiv_Prop,
http://www.wikidata.org/entity/P2048,http://gov.genealogy.net/ontology.owl#height,Ext_Subprop,
http://www.wikidata.org/entity/P276,http://gov.genealogy.net/ontology.owl#isLocatedIn,Equiv_Prop,
http://www.wikidata.org/entity/P361,http://gov.genealogy.net/ontology.owl#isPartOf,Equiv_Prop,
http://www.wikidata.org/entity/P407,http://gov.genealogy.net/ontology.owl#language,Equiv_Prop,
http://www.wikidata.org/entity/P625,http://gov.genealogy.net/ontology.owl#latitude,Ext_Subprop,
http://www.wikidata.org/entity/P625,http://gov.genealogy.net/ontology.owl#longitude,Ext_Subprop,
http://www.wikidata.org/entity/P248,http://gov.genealogy.net/ontology.owl#sourceRef,Equiv_Prop,
http://www.wikidata.org/entity/P585,http://gov.genealogy.net/ontology.owl#time,Equiv_Prop,
http://www.wikidata.org/entity/P3962,http://gs1.org/voc/gtin,Equiv_Prop,
http://www.wikidata.org/entity/P840,http://id.loc.gov/entities/relationships/setting,Ext_Superprop,
http://www.wikidata.org/entity/P2408,http://id.loc.gov/entities/relationships/setting,Ext_Superprop,
http://www.wikidata.org/entity/P2061,http://id.loc.gov/ontologies/bibframe/aspectRatio,Equiv_Prop,
http://www.wikidata.org/entity/P1036,http://id.loc.gov/ontologies/bibframe/ClassificationDdc,Exact_Prop,
http://www.wikidata.org/entity/P1149,http://id.loc.gov/ontologies/bibframe/ClassificationLcc,Equiv_Prop,
http://www.wikidata.org/entity/P356,http://id.loc.gov/ontologies/bibframe/Doi,Equiv_Prop,
http://www.wikidata.org/entity/P2047,http://id.loc.gov/ontologies/bibframe/duration,Equiv_Prop,
http://www.wikidata.org/entity/P9767,http://id.loc.gov/ontologies/bibframe/editionEnumeration,Exact_Prop,
http://www.wikidata.org/entity/P9767,http://id.loc.gov/ontologies/bibframe/editionStatement,Exact_Prop,
http://www.wikidata.org/entity/P1184,http://id.loc.gov/ontologies/bibframe/Hdl,Equiv_Prop,
http://www.wikidata.org/entity/P608,http://id.loc.gov/ontologies/bibframe/historyOfWork,Ext_Superprop,
http://www.wikidata.org/entity/P9972,http://id.loc.gov/ontologies/bibframe/illustrativeContent,Equiv_Prop,
http://www.wikidata.org/entity/P2360,http://id.loc.gov/ontologies/bibframe/intendedAudience,Equiv_Prop,
http://www.wikidata.org/entity/P1144,http://id.loc.gov/ontologies/bibframe/Lccn,Equiv_Prop,
http://www.wikidata.org/entity/P495,http://id.loc.gov/ontologies/bibframe/originPlace,Ext_Superprop,
http://www.wikidata.org/entity/P1365,http://id.loc.gov/ontologies/bibframe/replacementOf,Equiv_Prop,
http://www.wikidata.org/entity/P2913,http://id.loc.gov/ontologies/bibframe/temporalCoverage,Equiv_Prop,
http://www.wikidata.org/entity/P1476,http://id.loc.gov/ontologies/bibframe/title,Exact_Prop,
http://www.wikidata.org/entity/P1476,http://id.loc.gov/ontologies/bibframe/title,Equiv_Prop,
http://www.wikidata.org/entity/P629,http://id.loc.gov/ontologies/bibframe/translationOf,Ext_Subprop,
http://www.wikidata.org/entity/P9745,http://id.loc.gov/ontologies/bibframe/translationOf,Exact_Prop,
http://www.wikidata.org/entity/P412,http://id.loc.gov/ontologies/bibframe/voice,Equiv_Prop,
http://www.wikidata.org/entity/P1149,http://id.loc.gov/ontologies/lcc,Equiv_Prop,
http://www.wikidata.org/entity/P570,http://id.loc.gov/ontologies/madsrdf/v1.html#deathDate,Equiv_Prop,
http://www.wikidata.org/entity/P1149,http://id.loc.gov/vocabulary/classSchemes/lcc,Equiv_Prop,
http://www.wikidata.org/entity/P8061,http://id.loc.gov/vocabulary/identifiers/agrovoc,Equiv_Prop,
http://www.wikidata.org/entity/P4823,http://id.loc.gov/vocabulary/identifiers/amnbo,Equiv_Prop,
http://www.wikidata.org/entity/P2042,http://id.loc.gov/vocabulary/identifiers/artsy,Equiv_Prop,
http://www.wikidata.org/entity/P1157,http://id.loc.gov/vocabulary/identifiers/bdusc,Equiv_Prop,
http://www.wikidata.org/entity/P268,http://id.loc.gov/vocabulary/identifiers/bnfcg,Equiv_Prop,
http://www.wikidata.org/entity/P356,http://id.loc.gov/vocabulary/identifiers/doi,Equiv_Prop,
http://www.wikidata.org/entity/P1667,http://id.loc.gov/vocabulary/identifiers/gettytgn,Equiv_Prop,
http://www.wikidata.org/entity/P1184,http://id.loc.gov/vocabulary/identifiers/hdl,Equiv_Prop,
http://www.wikidata.org/entity/P269,http://id.loc.gov/vocabulary/identifiers/idref,Equiv_Prop,
http://www.wikidata.org/entity/P3035,http://id.loc.gov/vocabulary/identifiers/isbnre,Equiv_Prop,
http://www.wikidata.org/entity/P791,http://id.loc.gov/vocabulary/identifiers/isil,Equiv_Prop,
http://www.wikidata.org/entity/P213,http://id.loc.gov/vocabulary/identifiers/isni,Equiv_Prop,
http://www.wikidata.org/entity/P4280,http://id.loc.gov/vocabulary/identifiers/istc,Equiv_Prop,
http://www.wikidata.org/entity/P1144,http://id.loc.gov/vocabulary/identifiers/lccn,Equiv_Prop,
http://www.wikidata.org/entity/P1144,http://id.loc.gov/vocabulary/identifiers/lccn.skos.json,Equiv_Prop,
http://www.wikidata.org/entity/P402,http://id.loc.gov/vocabulary/identifiers/opensm,Ext_Superprop,
http://www.wikidata.org/entity/P496,http://id.loc.gov/vocabulary/identifiers/orcid,Equiv_Prop,
http://www.wikidata.org/entity/P650,http://id.loc.gov/vocabulary/identifiers/rkda,Equiv_Prop,
http://www.wikidata.org/entity/P3962,http://id.loc.gov/vocabulary/identifiers/upc,Equiv_Prop,
http://www.wikidata.org/entity/P306,http://id.loc.gov/vocabulary/preservation/environmentFunctionType/ops,Equiv_Prop,
http://www.wikidata.org/entity/P11105,http://id.loc.gov/vocabulary/relators/ann,Equiv_Prop,
http://www.wikidata.org/entity/P50,http://id.loc.gov/vocabulary/relators/aut,Equiv_Prop,
http://www.wikidata.org/entity/P175,http://id.loc.gov/vocabulary/relators/prf,Equiv_Prop,
http://www.wikidata.org/entity/P840,http://id.loc.gov/vocabulary/relators/stg,Ext_Superprop,
http://www.wikidata.org/entity/P2408,http://id.loc.gov/vocabulary/relators/stg,Ext_Superprop,
http://www.wikidata.org/entity/P2561,http://id.nlm.nih.gov/mesh/vocab#altLabel,Ext_Subprop,
http://www.wikidata.org/entity/P571,http://id.nlm.nih.gov/mesh/vocab#dateCreated,Equiv_Prop,
http://www.wikidata.org/entity/P5017,http://id.nlm.nih.gov/mesh/vocab#dateRevised,Ext_Subprop,
http://www.wikidata.org/entity/P683,http://identifiers.org/chebi/,Equiv_Prop,
http://www.wikidata.org/entity/P699,http://identifiers.org/doid/,Equiv_Prop,
http://www.wikidata.org/entity/P351,http://identifiers.org/ncbigene/,Equiv_Prop,
http://www.wikidata.org/entity/P698,http://identifiers.org/pubmed/,Equiv_Prop,
http://www.wikidata.org/entity/P685,http://identifiers.org/taxonomy/,Equiv_Prop,
http://www.wikidata.org/entity/P2892,http://identifiers.org/umls/,Equiv_Prop,
http://www.wikidata.org/entity/P291,http://iflastandards.info/ns/fr/frbr/frbrer/P3057,Equiv_Prop,
http://www.wikidata.org/entity/P1104,http://iflastandards.info/ns/isbd/elements/P1053,Equiv_Prop,
http://www.wikidata.org/entity/P577,http://marc21rdf.info/elements/2XX/M264_1c,Equiv_Prop,
http://www.wikidata.org/entity/P8736,http://metadataregistry.org/uri/Opta/playerID,Exact_Prop,
http://www.wikidata.org/entity/P8737,http://metadataregistry.org/uri/Opta/teamID,Exact_Prop,
http://www.wikidata.org/entity/P3285,http://msc2010.org/resources/MSC/2010/MSC2010,Exact_Prop,not reachable
http://www.wikidata.org/entity/P577,http://musicbrainz.org/ns/mmd-2.0#date,Equiv_Prop,
http://www.wikidata.org/entity/P1828,http://musicbrainz.org/ns/mmd-2.0#ipi,Equiv_Prop,
http://www.wikidata.org/entity/P3265,http://musicontology.com/specification/#term-myspace,Equiv_Prop,
http://www.wikidata.org/entity/P356,http://ndl.go.jp/dcndl/terms/DOI,Equiv_Prop,
http://www.wikidata.org/entity/P791,http://ndl.go.jp/dcndl/terms/ISIL,Equiv_Prop,
http://www.wikidata.org/entity/P1208,http://ndl.go.jp/dcndl/terms/ISMN,Equiv_Prop,
http://www.wikidata.org/entity/P2048,http://ogp.me/ns#image:height,Ext_Subprop,"Open Graph Protocol, link not defined"
http://www.wikidata.org/entity/P1476,http://ogp.me/ns#title,Equiv_Prop,"Open Graph Protocol, link not defined"
http://www.wikidata.org/entity/P2699,http://ogp.me/ns#url,Equiv_Prop,"Open Graph Protocol, link not defined"
http://www.wikidata.org/entity/P2048,http://ogp.me/ns#video:height,Ext_Subprop,"Open Graph Protocol, link not defined"
http://www.wikidata.org/entity/P1640,http://open.vocab.org/terms/isCuratedBy,Equiv_Prop,invalid response
http://www.wikidata.org/entity/P1035,http://pcp-on-web.de/ontology#additionToSurname,Equiv_Prop,
http://www.wikidata.org/entity/P1477,http://pcp-on-web.de/ontology#birthname,Equiv_Prop,
http://www.wikidata.org/entity/P585,http://pcp-on-web.de/ontology#date,Equiv_Prop,
http://www.wikidata.org/entity/P569,http://pcp-on-web.de/ontology#dateOfBirth,Equiv_Prop,
http://www.wikidata.org/entity/P570,http://pcp-on-web.de/ontology#dateOfDeath,Equiv_Prop,
http://www.wikidata.org/entity/P1026,http://pcp-on-web.de/ontology#disputationHasDissertation,Equiv_Prop,
http://www.wikidata.org/entity/P1026,http://pcp-on-web.de/ontology#Dissertation,Ext_Subprop,
http://www.wikidata.org/entity/P735,http://pcp-on-web.de/ontology#forename,Equiv_Prop,
http://www.wikidata.org/entity/P1566,http://pcp-on-web.de/ontology#geonameLocation,Equiv_Prop,
http://www.wikidata.org/entity/P227,http://pcp-on-web.de/ontology#gnd,Equiv_Prop,
http://www.wikidata.org/entity/P50,http://pcp-on-web.de/ontology#hasAuthor,Equiv_Prop,
http://www.wikidata.org/entity/P40,http://pcp-on-web.de/ontology#hasChild,Equiv_Prop,
http://www.wikidata.org/entity/P767,http://pcp-on-web.de/ontology#hasContributor,Equiv_Prop,
http://www.wikidata.org/entity/P170,http://pcp-on-web.de/ontology#hasCreator,Equiv_Prop,
http://www.wikidata.org/entity/P825,http://pcp-on-web.de/ontology#hasDedicatee,Equiv_Prop,
http://www.wikidata.org/entity/P921,http://pcp-on-web.de/ontology#hasKeyword,Equiv_Prop,
http://www.wikidata.org/entity/P22,http://pcp-on-web.de/ontology#hasParent,Ext_Superprop,
http://www.wikidata.org/entity/P8810,http://pcp-on-web.de/ontology#hasParent,Equiv_Prop,
http://www.wikidata.org/entity/P123,http://pcp-on-web.de/ontology#hasPublisher,Equiv_Prop,
http://www.wikidata.org/entity/P921,http://pcp-on-web.de/ontology#hasSubject,Equiv_Prop,
http://www.wikidata.org/entity/P291,http://pcp-on-web.de/ontology#locationDocument,Equiv_Prop,
http://www.wikidata.org/entity/P4353,http://pcp-on-web.de/ontology#nominates,Equiv_Prop,
http://www.wikidata.org/entity/P1830,http://pcp-on-web.de/ontology#owns,Equiv_Prop,
http://www.wikidata.org/entity/P802,http://pcp-on-web.de/ontology#student,Equiv_Prop,
http://www.wikidata.org/entity/P734,http://pcp-on-web.de/ontology#surname,Equiv_Prop,
http://www.wikidata.org/entity/P1476,http://pcp-on-web.de/ontology#title,Equiv_Prop,
http://www.wikidata.org/entity/P5504,http://performedmusicontology.org/ontology/RismNumber,Equiv_Prop,
http://www.wikidata.org/entity/P40,http://purl.bdrc.io/ontology/core/hasChild,Equiv_Prop,
http://www.wikidata.org/entity/P22,http://purl.bdrc.io/ontology/core/hasFather,Equiv_Prop,
http://www.wikidata.org/entity/P25,http://purl.bdrc.io/ontology/core/hasMother,Equiv_Prop,
http://www.wikidata.org/entity/P3373,http://purl.bdrc.io/ontology/core/hasSibling,Equiv_Prop,
http://www.wikidata.org/entity/P26,http://purl.bdrc.io/ontology/core/hasSpouse,Equiv_Prop,
http://www.wikidata.org/entity/P1476,http://purl.bdrc.io/ontology/core/hasTitle,Equiv_Prop,
http://www.wikidata.org/entity/P3701,http://purl.bdrc.io/ontology/core/isIncarnation,Equiv_Prop,
http://www.wikidata.org/entity/P1038,http://purl.bdrc.io/ontology/core/kinWith,Equiv_Prop,
http://www.wikidata.org/entity/P569,http://purl.bdrc.io/ontology/core/PersonBirth,Equiv_Prop,
http://www.wikidata.org/entity/P570,http://purl.bdrc.io/ontology/core/PersonDeath,Equiv_Prop,
http://www.wikidata.org/entity/P734,http://purl.bdrc.io/ontology/core/PersonFamilyName,Equiv_Prop,
http://www.wikidata.org/entity/P1317,http://purl.bdrc.io/ontology/core/PersonFlourished,Equiv_Prop,
http://www.wikidata.org/entity/P21,http://purl.bdrc.io/ontology/core/personGender,Equiv_Prop,
http://www.wikidata.org/entity/P1066,http://purl.bdrc.io/ontology/core/personStudentOf,Equiv_Prop,
http://www.wikidata.org/entity/P802,http://purl.bdrc.io/ontology/core/personTeacherOf,Equiv_Prop,
http://www.wikidata.org/entity/P361,http://purl.obolibrary.org/obo/BFO_0000050,Equiv_Prop,
http://www.wikidata.org/entity/P527,http://purl.obolibrary.org/obo/BFO_0000051,Equiv_Prop,
http://www.wikidata.org/entity/P699,http://purl.obolibrary.org/obo/DOID,Equiv_Prop,
http://www.wikidata.org/entity/P2868,http://purl.obolibrary.org/obo/RO_0000087,Equiv_Prop,
http://www.wikidata.org/entity/P276,http://purl.obolibrary.org/obo/RO_0001025,Equiv_Prop,
http://www.wikidata.org/entity/P3189,http://purl.obolibrary.org/obo/RO_0002005,Equiv_Prop,
http://www.wikidata.org/entity/P1382,http://purl.obolibrary.org/obo/RO_0002008,Equiv_Prop,
http://www.wikidata.org/entity/P3190,http://purl.obolibrary.org/obo/RO_0002134,Equiv_Prop,
http://www.wikidata.org/entity/P703,http://purl.obolibrary.org/obo/RO_0002162,Equiv_Prop,
http://www.wikidata.org/entity/P2789,http://purl.obolibrary.org/obo/RO_0002176,Equiv_Prop,
http://www.wikidata.org/entity/P6532,http://purl.obolibrary.org/obo/RO_0002200,Equiv_Prop,
http://www.wikidata.org/entity/P3094,http://purl.obolibrary.org/obo/RO_0002202,Equiv_Prop,
http://www.wikidata.org/entity/P702,http://purl.obolibrary.org/obo/RO_0002204,Equiv_Prop,
http://www.wikidata.org/entity/P688,http://purl.obolibrary.org/obo/RO_0002205,Equiv_Prop,
http://www.wikidata.org/entity/P128,http://purl.obolibrary.org/obo/RO_0002211,Equiv_Prop,
http://www.wikidata.org/entity/P3780,http://purl.obolibrary.org/obo/RO_0002249,Equiv_Prop,
http://www.wikidata.org/entity/P1365,http://purl.obolibrary.org/obo/RO_0002285,Equiv_Prop,
http://www.wikidata.org/entity/P2176,http://purl.obolibrary.org/obo/RO_0002302,Equiv_Prop,
http://www.wikidata.org/entity/P2974,http://purl.obolibrary.org/obo/RO_0002303,Equiv_Prop,
http://www.wikidata.org/entity/P3403,http://purl.obolibrary.org/obo/RO_0002379,Equiv_Prop,
http://www.wikidata.org/entity/P1542,http://purl.obolibrary.org/obo/RO_0002404,Equiv_Prop,
http://www.wikidata.org/entity/P1536,http://purl.obolibrary.org/obo/RO_0002405,Equiv_Prop,
http://www.wikidata.org/entity/P828,http://purl.obolibrary.org/obo/RO_0002411,Equiv_Prop,
http://www.wikidata.org/entity/P1060,http://purl.obolibrary.org/obo/RO_0002451,Equiv_Prop,
http://www.wikidata.org/entity/P2975,http://purl.obolibrary.org/obo/RO_0002454,Equiv_Prop,
http://www.wikidata.org/entity/P2175,http://purl.obolibrary.org/obo/RO_0002599,Equiv_Prop,
http://www.wikidata.org/entity/P2849,http://purl.obolibrary.org/obo/RO_0003001,Equiv_Prop,
http://www.wikidata.org/entity/P6530,http://purl.obolibrary.org/obo/RO_0003301,Equiv_Prop,
http://www.wikidata.org/entity/P571,http://purl.org/dc/elements/1.1/date,Ext_Superprop,
http://www.wikidata.org/entity/P123,http://purl.org/dc/elements/1.1/publisher,Equiv_Prop,
http://www.wikidata.org/entity/P7228,http://purl.org/dc/terms/accessRights,Equiv_Prop,
http://www.wikidata.org/entity/P5009,http://purl.org/dc/terms/conformsTo,Equiv_Prop,
http://www.wikidata.org/entity/P767,http://purl.org/dc/terms/contributor,Equiv_Prop,
http://www.wikidata.org/entity/P571,http://purl.org/dc/terms/created,Equiv_Prop,
http://www.wikidata.org/entity/P170,http://purl.org/dc/terms/creator,Equiv_Prop,
http://www.wikidata.org/entity/P1036,http://purl.org/dc/terms/DDC,Equiv_Prop,
http://www.wikidata.org/entity/P2701,http://purl.org/dc/terms/FileFormat,Exact_Prop,
http://www.wikidata.org/entity/P2701,http://purl.org/dc/terms/hasFormat,Equiv_Prop,
http://www.wikidata.org/entity/P527,http://purl.org/dc/terms/hasPart,Equiv_Prop,
http://www.wikidata.org/entity/P747,http://purl.org/dc/terms/hasVersion,Equiv_Prop,
http://www.wikidata.org/entity/P361,http://purl.org/dc/terms/isPartOf,Equiv_Prop,
http://www.wikidata.org/entity/P407,http://purl.org/dc/terms/language,Equiv_Prop,
http://www.wikidata.org/entity/P1149,http://purl.org/dc/terms/LCC,Equiv_Prop,
http://www.wikidata.org/entity/P275,http://purl.org/dc/terms/license,Equiv_Prop,
http://www.wikidata.org/entity/P123,http://purl.org/dc/terms/publisher,Exact_Prop,
http://www.wikidata.org/entity/P2860,http://purl.org/dc/terms/references,Equiv_Prop,
http://www.wikidata.org/entity/P1365,http://purl.org/dc/terms/replaces,Equiv_Prop,
http://www.wikidata.org/entity/P921,http://purl.org/dc/terms/subject,Equiv_Prop,
http://www.wikidata.org/entity/P1667,http://purl.org/dc/terms/TGN,Equiv_Prop,
http://www.wikidata.org/entity/P1476,http://purl.org/dc/terms/title,Equiv_Prop,
http://www.wikidata.org/entity/P1190,http://purl.org/dc/terms/UDC,Equiv_Prop,
http://www.wikidata.org/entity/P1264,http://purl.org/dc/terms/valid,Equiv_Prop,
http://www.wikidata.org/entity/P2771,http://purl.org/goodrelations/v1#hasDUNS,Equiv_Prop,
http://www.wikidata.org/entity/P3962,http://purl.org/goodrelations/v1#hasEAN_UCC-13,Equiv_Prop,
http://www.wikidata.org/entity/P1796,http://purl.org/goodrelations/v1#hasISICv4,Equiv_Prop,
http://www.wikidata.org/entity/P3224,http://purl.org/goodrelations/v1#hasNAICS,Equiv_Prop,
http://www.wikidata.org/entity/P2048,http://purl.org/goodrelations/v1#height,Ext_Subprop,
http://www.wikidata.org/entity/P291,http://purl.org/library/placeOfPublication,Equiv_Prop,connection reset
http://www.wikidata.org/entity/P3962,http://purl.org/ontology/bibo/gtin14,Ext_Subprop,
http://www.wikidata.org/entity/P212,http://purl.org/ontology/bibo/isbn13,Equiv_Prop,
http://www.wikidata.org/entity/P698,http://purl.org/ontology/bibo/pmid,Equiv_Prop,
http://www.wikidata.org/entity/P478,http://purl.org/ontology/bibo/volume,Equiv_Prop,
http://www.wikidata.org/entity/P86,http://purl.org/ontology/mo/composer,Equiv_Prop,
http://www.wikidata.org/entity/P3300,http://purl.org/ontology/mo/conductor,Equiv_Prop,
http://www.wikidata.org/entity/P358,http://purl.org/ontology/mo/discography,Equiv_Prop,
http://www.wikidata.org/entity/P2047,http://purl.org/ontology/mo/duration,Equiv_Prop,
http://www.wikidata.org/entity/P345,http://purl.org/ontology/mo/imdb,Equiv_Prop,
http://www.wikidata.org/entity/P1208,http://purl.org/ontology/mo/ismn,Equiv_Prop,
http://www.wikidata.org/entity/P264,http://purl.org/ontology/mo/Label,Equiv_Prop,
http://www.wikidata.org/entity/P434,http://purl.org/ontology/mo/musicbrainz,Equiv_Prop,
http://www.wikidata.org/entity/P436,http://purl.org/ontology/mo/musicbrainz,Equiv_Prop,
http://www.wikidata.org/entity/P434,http://purl.org/ontology/mo/musicbrainz_guid,Equiv_Prop,
http://www.wikidata.org/entity/P436,http://purl.org/ontology/mo/musicbrainz_guid,Equiv_Prop,
http://www.wikidata.org/entity/P162,http://purl.org/ontology/mo/producer,Equiv_Prop,
http://www.wikidata.org/entity/P9831,http://purl.org/ontology/mo/publication_of,Equiv_Prop,
http://www.wikidata.org/entity/P9745,http://purl.org/ontology/mo/translation_of,Exact_Prop,
http://www.wikidata.org/entity/P50,http://purl.org/ontology/po/author,Equiv_Prop,
http://www.wikidata.org/entity/P921,http://purl.org/ontology/po/broadcast_of,Equiv_Prop,
http://www.wikidata.org/entity/P3301,http://purl.org/ontology/po/broadcast_on,Equiv_Prop,
http://www.wikidata.org/entity/P127,http://purl.org/ontology/po/broadcaster,Ext_Subprop,
http://www.wikidata.org/entity/P3970,http://purl.org/ontology/po/channel,Equiv_Prop,
http://www.wikidata.org/entity/P527,http://purl.org/ontology/po/episode,Ext_Subprop,
http://www.wikidata.org/entity/P1431,http://purl.org/ontology/po/executive_producer,Equiv_Prop,
http://www.wikidata.org/entity/P2144,http://purl.org/ontology/po/frequency,Equiv_Prop,
http://www.wikidata.org/entity/P136,http://purl.org/ontology/po/genre,Equiv_Prop,
http://www.wikidata.org/entity/P175,http://purl.org/ontology/po/performer,Equiv_Prop,
http://www.wikidata.org/entity/P3342,http://purl.org/ontology/po/person,Exact_Prop,
http://www.wikidata.org/entity/P7153,http://purl.org/ontology/po/place,Equiv_Prop,
http://www.wikidata.org/entity/P1545,http://purl.org/ontology/po/position,Equiv_Prop,
http://www.wikidata.org/entity/P162,http://purl.org/ontology/po/producer,Equiv_Prop,
http://www.wikidata.org/entity/P921,http://purl.org/ontology/po/subject,Equiv_Prop,
http://www.wikidata.org/entity/P2860,http://purl.org/spar/cito/cites,Equiv_Prop,
http://www.wikidata.org/entity/P170,http://purl.org/vocab/frbr/core#creator,Equiv_Prop,
http://www.wikidata.org/entity/P1574,http://purl.org/vocab/frbr/core#exemplarOf,Equiv_Prop,
http://www.wikidata.org/entity/P921,http://purl.org/vocab/frbr/core#subject,Equiv_Prop,
http://www.wikidata.org/entity/P155,http://purl.org/vocab/frbr/core#successorOf,Equiv_Prop,
http://www.wikidata.org/entity/P8810,http://purl.org/vocab/relationship/childOf,Equiv_Prop,
http://www.wikidata.org/entity/P737,http://purl.org/vocab/relationship/influencedBy,Equiv_Prop,
http://www.wikidata.org/entity/P40,http://purl.org/vocab/relationship/parentOf,Exact_Prop,
http://www.wikidata.org/entity/P3373,http://purl.org/vocab/relationship/siblingOf,Equiv_Prop,
http://www.wikidata.org/entity/P26,http://purl.org/vocab/relationship/spouseOf,Equiv_Prop,
http://www.wikidata.org/entity/P2048,http://purl.uniprot.org/core/height,Ext_Subprop,
http://www.wikidata.org/entity/P105,http://purl.uniprot.org/core/rank,Equiv_Prop,
http://www.wikidata.org/entity/P225,http://purl.uniprot.org/core/scientificName,Equiv_Prop,
http://www.wikidata.org/entity/P351,http://purl.uniprot.org/geneid/,Equiv_Prop,
http://www.wikidata.org/entity/P4020,http://qudt.org/schema/qudt/hasDimensionVector,Equiv_Prop,
http://www.wikidata.org/entity/P111,http://qudt.org/schema/qudt/hasQuantityKind,Equiv_Prop,
http://www.wikidata.org/entity/P5061,http://qudt.org/schema/qudt/symbol,Equiv_Prop,
http://www.wikidata.org/entity/P7825,http://qudt.org/schema/qudt/ucumCode,Equiv_Prop,
http://www.wikidata.org/entity/P6512,http://qudt.org/schema/qudt/uneceCommonCode,Equiv_Prop,
http://www.wikidata.org/entity/P1416,http://rdaregistry.info/Elements/a/P50101,Equiv_Prop,
http://www.wikidata.org/entity/P106,http://rdaregistry.info/Elements/a/P50104,Equiv_Prop,
http://www.wikidata.org/entity/P10135,http://rdaregistry.info/Elements/e/P20004,Equiv_Prop,
http://www.wikidata.org/entity/P10893,http://rdaregistry.info/Elements/e/P20052,Equiv_Prop,
http://www.wikidata.org/entity/P9745,http://rdaregistry.info/Elements/e/P20141,Exact_Prop,
http://www.wikidata.org/entity/P870,http://rdaregistry.info/Elements/e/P20215,Equiv_Prop,
http://www.wikidata.org/entity/P11108,http://rdaregistry.info/Elements/e/P20279,Equiv_Prop,
http://www.wikidata.org/entity/P9767,http://rdaregistry.info/Elements/e/P20572,Exact_Prop,
http://www.wikidata.org/entity/P11105,http://rdaregistry.info/Elements/i/P40015,Equiv_Prop,
http://www.wikidata.org/entity/P9767,http://rdaregistry.info/Elements/m/P30107,Exact_Prop,
http://www.wikidata.org/entity/P9972,http://rdaregistry.info/Elements/m/P30453,Equiv_Prop,
http://www.wikidata.org/entity/P10135,http://rdaregistry.info/Elements/u/P60074,Equiv_Prop,
http://www.wikidata.org/entity/P4970,http://rdaregistry.info/Elements/u/P60119,Equiv_Prop,
http://www.wikidata.org/entity/P3300,http://rdaregistry.info/Elements/u/P60141,Equiv_Prop,
http://www.wikidata.org/entity/P9745,http://rdaregistry.info/Elements/u/P60244,Exact_Prop,
http://www.wikidata.org/entity/P9767,http://rdaregistry.info/Elements/u/P60365,Exact_Prop,
http://www.wikidata.org/entity/P2515,http://rdaregistry.info/Elements/u/P60384,Equiv_Prop,
http://www.wikidata.org/entity/P175,http://rdaregistry.info/Elements/u/P60387,Equiv_Prop,
http://www.wikidata.org/entity/P10893,http://rdaregistry.info/Elements/u/P60397,Equiv_Prop,
http://www.wikidata.org/entity/P57,http://rdaregistry.info/Elements/u/P60399,Ext_Subprop,
http://www.wikidata.org/entity/P1809,http://rdaregistry.info/Elements/u/P60433,Equiv_Prop,
http://www.wikidata.org/entity/P11105,http://rdaregistry.info/Elements/u/P60464,Equiv_Prop,
http://www.wikidata.org/entity/P106,http://rdaregistry.info/Elements/u/P60468,Equiv_Prop,
http://www.wikidata.org/entity/P870,http://rdaregistry.info/Elements/u/P60536,Equiv_Prop,
http://www.wikidata.org/entity/P870,http://rdaregistry.info/Elements/u/P60537,Equiv_Prop,
http://www.wikidata.org/entity/P463,http://rdaregistry.info/Elements/u/P60697,Equiv_Prop,
http://www.wikidata.org/entity/P5028,http://rdaregistry.info/Elements/u/P60811,Equiv_Prop,
http://www.wikidata.org/entity/P5026,http://rdaregistry.info/Elements/u/P60813,Equiv_Prop,
http://www.wikidata.org/entity/P11108,http://rdaregistry.info/Elements/u/P60824,Equiv_Prop,
http://www.wikidata.org/entity/P9901,http://rdaregistry.info/Elements/w/P10046,Equiv_Prop,
http://www.wikidata.org/entity/P870,http://rdaregistry.info/Elements/w/P10220,Equiv_Prop,
http://www.wikidata.org/entity/P2847,http://rdf.freebase.com/ns/authority.google.google_plus,Equiv_Prop,404 error
http://www.wikidata.org/entity/P136,http://rdf.freebase.com/ns/book.book.genre,Ext_Subprop,404 error
http://www.wikidata.org/entity/P355,http://rdf.freebase.com/ns/business.business_location.parent_company,Equiv_Prop,404 error
http://www.wikidata.org/entity/P355,http://rdf.freebase.com/ns/organization.organization.parent,Equiv_Prop,404 error
http://www.wikidata.org/entity/P5305,http://rdfs.org/ns/void#sparqlEndpoint,Equiv_Prop,
http://www.wikidata.org/entity/P291,http://rdvocab.info/Elements/placeOfPublication,Equiv_Prop,
http://www.wikidata.org/entity/P123,http://rdvocab.info/Elements/publishersName,Equiv_Prop,
http://www.wikidata.org/entity/P102,http://schema.org/memberOf,Ext_Superprop,
http://www.wikidata.org/entity/P179,http://schema.org/partOfSeries,Equiv_Prop,
http://www.wikidata.org/entity/P483,http://schema.org/recordedAt,Ext_Superprop,
http://www.wikidata.org/entity/P8546,http://schema.org/recordedAt,Equiv_Prop,
http://www.wikidata.org/entity/P2888,http://schema.org/sameAs,Equiv_Prop,
http://www.wikidata.org/entity/P571,http://schema.org/startDate,Equiv_Prop,
http://www.wikidata.org/entity/P856,http://schema.org/url,Ext_Superprop,
http://www.wikidata.org/entity/P592,http://semanticscience.org/resource/CHEMINF_000412,Exact_Prop,not found
http://www.wikidata.org/entity/P2048,http://semanticscience.org/resource/SIO_000040,Ext_Subprop,not found
http://www.wikidata.org/entity/P136,http://service.ddex.net/dd/DD-AVS-001/dd/avs_ClassifiedGenre,Ext_Subprop,
http://www.wikidata.org/entity/P1416,http://swrc.ontoware.org/ontology#affiliation,Equiv_Prop,not found
http://www.wikidata.org/entity/P968,http://swrc.ontoware.org/ontology#email,Equiv_Prop,not found
http://www.wikidata.org/entity/P123,http://swrc.ontoware.org/ontology#publisher,Equiv_Prop,not found
http://www.wikidata.org/entity/P179,http://swrc.ontoware.org/ontology#series,Equiv_Prop,not found
http://www.wikidata.org/entity/P496,http://vivoweb.org/ontology/core#orcidId,Equiv_Prop,
http://www.wikidata.org/entity/P2048,http://voag.linkedmodel.org/voag#height,Equiv_Prop,403 error
http://www.wikidata.org/entity/P1889,http://vocab.getty.edu/ontology#aat2100_distinguished_from,Equiv_Prop,
http://www.wikidata.org/entity/P1889,http://vocab.getty.edu/ontology#tgn3001_distinguished_from,Equiv_Prop,
http://www.wikidata.org/entity/P460,http://vocab.getty.edu/ontology#tgn3005_possibly_identified_as,Ext_Subprop,
http://www.wikidata.org/entity/P11577,http://vocab.getty.edu/ontology#tgn3005_possibly_identified_as,Ext_Subprop,
http://www.wikidata.org/entity/P1376,http://vocab.getty.edu/ontology#tgn3201_capital_of,Equiv_Prop,
http://www.wikidata.org/entity/P36,http://vocab.getty.edu/ontology#tgn3202_capital_is,Equiv_Prop,
http://www.wikidata.org/entity/P460,http://vocab.getty.edu/ontology#ulan1005_possibly_identified_with,Equiv_Prop,
http://www.wikidata.org/entity/P11577,http://vocab.getty.edu/ontology#ulan1005_possibly_identified_with,Equiv_Prop,
http://www.wikidata.org/entity/P1889,http://vocab.getty.edu/ontology#ulan1007_distinguished_from,Equiv_Prop,
http://www.wikidata.org/entity/P802,http://vocab.getty.edu/ontology#ulan1101_teacher_of,Equiv_Prop,
http://www.wikidata.org/entity/P1066,http://vocab.getty.edu/ontology#ulan1102_student_of,Equiv_Prop,
http://www.wikidata.org/entity/P737,http://vocab.getty.edu/ontology#ulan1108_influenced_by,Equiv_Prop,
http://www.wikidata.org/entity/P108,http://vocab.getty.edu/ontology#ulan1217_employee_of,Equiv_Prop,
http://www.wikidata.org/entity/P748,http://vocab.getty.edu/ontology#ulan1221_appointed_by,Ext_Subprop,
http://www.wikidata.org/entity/P1327,http://vocab.getty.edu/ontology#ulan1303_collaborated_with,Ext_Subprop,
http://www.wikidata.org/entity/P1327,http://vocab.getty.edu/ontology#ulan1305_worked_with,Ext_Subprop,
http://www.wikidata.org/entity/P1037,http://vocab.getty.edu/ontology#ulan1315_principal_in,Ext_Subprop,
http://www.wikidata.org/entity/P53,http://vocab.getty.edu/ontology#ulan1317_member_of,Ext_Superprop,
http://www.wikidata.org/entity/P463,http://vocab.getty.edu/ontology#ulan1317_member_of,Ext_Superprop,
http://www.wikidata.org/entity/P69,http://vocab.getty.edu/ontology#ulan1322_school_was,Ext_Subprop,
http://www.wikidata.org/entity/P155,http://vocab.getty.edu/ontology#ulan1411_successor_of,Equiv_Prop,
http://www.wikidata.org/entity/P112,http://vocab.getty.edu/ontology#ulan1421_founded_by,Ext_Subprop,
http://www.wikidata.org/entity/P1038,http://vocab.getty.edu/ontology#ulan1500_related_to,Equiv_Prop,
http://www.wikidata.org/entity/P3373,http://vocab.getty.edu/ontology#ulan1501_sibling_of,Equiv_Prop,
http://www.wikidata.org/entity/P22,http://vocab.getty.edu/ontology#ulan1511_child_of,Ext_Superprop,
http://www.wikidata.org/entity/P25,http://vocab.getty.edu/ontology#ulan1511_child_of,Ext_Superprop,
http://www.wikidata.org/entity/P40,http://vocab.getty.edu/ontology#ulan1512_parent_of,Equiv_Prop,
http://www.wikidata.org/entity/P26,http://vocab.getty.edu/ontology#ulan1541_spouse_of,Equiv_Prop,
http://www.wikidata.org/entity/P451,http://vocab.getty.edu/ontology#ulan1544_significant_other_of,Ext_Subprop,
http://www.wikidata.org/entity/P451,http://vocab.getty.edu/ontology#ulan1547_romantic_partner_of,Ext_Subprop,
http://www.wikidata.org/entity/P3448,http://vocab.getty.edu/ontology#ulan1562_step-parent_of,Equiv_Prop,
http://www.wikidata.org/entity/P1290,http://vocab.getty.edu/ontology#ulan1575_godchild_of,Equiv_Prop,
http://www.wikidata.org/entity/P1037,http://vocab.getty.edu/ontology#ulan2575_directed_by,Ext_Subprop,
http://www.wikidata.org/entity/P488,http://vocab.getty.edu/ontology#ulan2584_chaired_by,Equiv_Prop,
http://www.wikidata.org/entity/P1830,http://vocab.getty.edu/ontology#ulan2778_owner_of,Ext_Subprop,
http://www.wikidata.org/entity/P127,http://vocab.getty.edu/ontology#ulan2779_owned_by,Ext_Subprop,
http://www.wikidata.org/entity/P825,http://vocab.getty.edu/ontology#ulan2782_dedicated_to,Ext_Subprop,
http://www.wikidata.org/entity/P69,http://vocab.getty.edu/ontology#ulan2828_student_at,Ext_Subprop,
http://www.wikidata.org/entity/P1036,http://www.bl.uk/schemas/bibliographic/blterms#TopicDDC,Equiv_Prop,
http://www.wikidata.org/entity/P3082,http://www.cidoc-crm.org/cidoc-crm/P13_destroyed,Equiv_Prop,
http://www.wikidata.org/entity/P770,http://www.cidoc-crm.org/cidoc-crm/P13i_was_destroyed_by,Equiv_Prop,
http://www.wikidata.org/entity/P737,http://www.cidoc-crm.org/cidoc-crm/P15_was_influenced_by,Equiv_Prop,
http://www.wikidata.org/entity/P186,http://www.cidoc-crm.org/cidoc-crm/P45_consists_of,Equiv_Prop,
http://www.wikidata.org/entity/P527,http://www.cidoc-crm.org/cidoc-crm/P9_consists_of,Ext_Subprop,
http://www.wikidata.org/entity/P710,http://www.cidoc-crm.org/html/5.0.4/cidoc-crm.html#P11,Equiv_Prop,
http://www.wikidata.org/entity/P1640,http://www.cidoc-crm.org/Property/p147-curated/version-5.1.2,Equiv_Prop,
http://www.wikidata.org/entity/P2048,http://www.ebu.ch/metadata/ontologies/ebucore/ebucore#height,Ext_Subprop,
http://www.wikidata.org/entity/P291,http://www.freebase.com/book/book_edition/place_of_publication,Equiv_Prop,404 error
http://www.wikidata.org/entity/P577,http://www.freebase.com/book/book_edition/publication_date,Equiv_Prop,404 error
http://www.wikidata.org/entity/P3224,http://www.freebase.com/business/naics2007,Equiv_Prop,404 error
http://www.wikidata.org/entity/P3092,http://www.freebase.com/film/film_crew_gig/crewmember,Equiv_Prop,404 error
http://www.wikidata.org/entity/P915,http://www.freebase.com/m/01x3gpk,Equiv_Prop,404 error
http://www.wikidata.org/entity/P212,http://www.freebase.com/media_common/cataloged_instance/isbn13,Equiv_Prop,404 error
http://www.wikidata.org/entity/P159,http://www.freebase.com/organization/organization/headquarters,Equiv_Prop,404 error
http://www.wikidata.org/entity/P921,http://www.freebase.com/schema/common/topic/subject,Equiv_Prop,404 error
http://www.wikidata.org/entity/P449,http://www.freebase.com/tv/tv_program/original_network,Equiv_Prop,404 error
http://www.wikidata.org/entity/P921,http://www.freebase.com/view/base/fbontology/metaschema/predicate_id/hassubject,Equiv_Prop,404 error
http://www.wikidata.org/entity/P4511,http://www.heppnetz.de/ontologies/goodrelations/v1#depth,Equiv_Prop,
http://www.wikidata.org/entity/P1813,http://www.lexinfo.net/ontology/2.0/lexinfo#abbreviation,Ext_Superprop,
http://www.wikidata.org/entity/P5185,http://www.lexinfo.net/ontology/2.0/lexinfo#gender,Equiv_Prop,
http://www.wikidata.org/entity/P5280,http://www.lexinfo.net/ontology/2.0/lexinfo#radical,Equiv_Prop,
http://www.wikidata.org/entity/P5974,http://www.lexinfo.net/ontology/3.0/lexinfo#antonym,Equiv_Prop,
http://www.wikidata.org/entity/P6084,http://www.lexinfo.net/ontology/3.0/lexinfo#geographic,Equiv_Prop,
http://www.wikidata.org/entity/P6593,http://www.lexinfo.net/ontology/3.0/lexinfo#hypernym,Equiv_Prop,
http://www.wikidata.org/entity/P8471,http://www.lexinfo.net/ontology/3.0/lexinfo#pertainsTo,Equiv_Prop,
http://www.wikidata.org/entity/P5973,http://www.lexinfo.net/ontology/3.0/lexinfo#synonym,Equiv_Prop,
http://www.wikidata.org/entity/P5972,http://www.lexinfo.net/ontology/3.0/lexinfo#translation,Equiv_Prop,
http://www.wikidata.org/entity/P19,http://www.loc.gov/mads/rdf/v1#birthPlace,Equiv_Prop,
http://www.wikidata.org/entity/P20,http://www.loc.gov/mads/rdf/v1#deathPlace,Equiv_Prop,
http://www.wikidata.org/entity/P106,http://www.loc.gov/mads/rdf/v1#occupation,Equiv_Prop,
http://www.wikidata.org/entity/P569,http://www.loc.gov/standards/mads/rdf/v1.rdf#birthDate,Equiv_Prop,
http://www.wikidata.org/entity/P698,http://www.ncbi.nlm.nih.gov/pubmed/,Equiv_Prop,invalid assertion
http://www.wikidata.org/entity/P26,http://www.ontotext.com/proton/protontop#hasSpouse,Equiv_Prop,
http://www.wikidata.org/entity/P355,http://www.ontotext.com/proton/protontop#subsidiaryOrganizationOf,Equiv_Prop,
http://www.wikidata.org/entity/P4908,http://www.openlinksw.com/schemas/rdfs/partOfSeason,Equiv_Prop,
http://www.wikidata.org/entity/P9899,http://www.rdaregistry.info/Elements/w/#P10238,Equiv_Prop,
http://www.wikidata.org/entity/P37,http://www.telegraphis.net/ontology/geography/geography#officialLanguage,Equiv_Prop,403 error
http://www.wikidata.org/entity/P31,http://www.w3.org/1999/02/22-rdf-syntax-ns#type,Equiv_Prop,
http://www.wikidata.org/entity/P279,http://www.w3.org/2000/01/rdf-schema#subClassOf,Equiv_Prop,
http://www.wikidata.org/entity/P2235,http://www.w3.org/2000/01/rdf-schema#subPropertyOf,Equiv_Prop,
http://www.wikidata.org/entity/P1647,http://www.w3.org/2000/01/rdf-schema#subPropertyOf,Equiv_Prop,
http://www.wikidata.org/entity/P1889,http://www.w3.org/2002/07/owl#differentFrom,Equiv_Prop,
http://www.wikidata.org/entity/P1709,http://www.w3.org/2002/07/owl#equivalentClass,Equiv_Prop,
http://www.wikidata.org/entity/P1628,http://www.w3.org/2002/07/owl#equivalentProperty,Equiv_Prop,
http://www.wikidata.org/entity/P1696,http://www.w3.org/2002/07/owl#inverseOf,Equiv_Prop,
http://www.wikidata.org/entity/P2048,http://www.w3.org/2003/12/exif/ns#height,Equiv_Prop,
http://www.wikidata.org/entity/P2561,http://www.w3.org/2004/02/skos/core#altLabel,Ext_Subprop,
http://www.wikidata.org/entity/P2235,http://www.w3.org/2004/02/skos/core#broadMatch,Ext_Superprop,
http://www.wikidata.org/entity/P4900,http://www.w3.org/2004/02/skos/core#broadMatch,Equiv_Prop,
http://www.wikidata.org/entity/P7219,http://www.w3.org/2004/02/skos/core#definition,Ext_Superprop,
http://www.wikidata.org/entity/P1628,http://www.w3.org/2004/02/skos/core#exactMatch,Ext_Superprop,
http://www.wikidata.org/entity/P2888,http://www.w3.org/2004/02/skos/core#exactMatch,Equiv_Prop,
http://www.wikidata.org/entity/P2561,http://www.w3.org/2004/02/skos/core#hiddenLabel,Ext_Subprop,
http://www.wikidata.org/entity/P4390,http://www.w3.org/2004/02/skos/core#mappingRelation,Equiv_Prop,
http://www.wikidata.org/entity/P2236,http://www.w3.org/2004/02/skos/core#narrowMatch,Ext_Superprop,
http://www.wikidata.org/entity/P3950,http://www.w3.org/2004/02/skos/core#narrowMatch,Equiv_Prop,
http://www.wikidata.org/entity/P2561,http://www.w3.org/2004/02/skos/core#prefLabel,Ext_Subprop,
http://www.wikidata.org/entity/P2894,http://www.w3.org/2006/time#DayOfWeek,Exact_Prop,
http://www.wikidata.org/entity/P2922,http://www.w3.org/2006/time#MonthOfYear,Exact_Prop,
http://www.wikidata.org/entity/P569,http://www.w3.org/2006/vcard/ns#bday,Equiv_Prop,
http://www.wikidata.org/entity/P40,http://www.w3.org/2006/vcard/ns#Child,Exact_Prop,
http://www.wikidata.org/entity/P17,http://www.w3.org/2006/vcard/ns#country-name,Equiv_Prop,
http://www.wikidata.org/entity/P968,http://www.w3.org/2006/vcard/ns#email,Equiv_Prop,
http://www.wikidata.org/entity/P734,http://www.w3.org/2006/vcard/ns#family-name,Equiv_Prop,
http://www.wikidata.org/entity/P2561,http://www.w3.org/2006/vcard/ns#fn,Equiv_Prop,
http://www.wikidata.org/entity/P625,http://www.w3.org/2006/vcard/ns#geo,Equiv_Prop,
http://www.wikidata.org/entity/P735,http://www.w3.org/2006/vcard/ns#given-name,Equiv_Prop,
http://www.wikidata.org/entity/P6375,http://www.w3.org/2006/vcard/ns#hasAddress,Equiv_Prop,
http://www.wikidata.org/entity/P17,http://www.w3.org/2006/vcard/ns#hasCountryName,Equiv_Prop,
http://www.wikidata.org/entity/P968,http://www.w3.org/2006/vcard/ns#hasEmail,Equiv_Prop,
http://www.wikidata.org/entity/P734,http://www.w3.org/2006/vcard/ns#hasFamilyName,Equiv_Prop,
http://www.wikidata.org/entity/P2561,http://www.w3.org/2006/vcard/ns#hasFN,Equiv_Prop,
http://www.wikidata.org/entity/P21,http://www.w3.org/2006/vcard/ns#hasGender,Equiv_Prop,
http://www.wikidata.org/entity/P625,http://www.w3.org/2006/vcard/ns#hasGeo,Equiv_Prop,
http://www.wikidata.org/entity/P735,http://www.w3.org/2006/vcard/ns#hasGivenName,Equiv_Prop,
http://www.wikidata.org/entity/P511,http://www.w3.org/2006/vcard/ns#hasHonorificPrefix,Equiv_Prop,
http://www.wikidata.org/entity/P1035,http://www.w3.org/2006/vcard/ns#hasHonorifixSuffix,Equiv_Prop,
http://www.wikidata.org/entity/P3721,http://www.w3.org/2006/vcard/ns#hasKey,Equiv_Prop,
http://www.wikidata.org/entity/P2561,http://www.w3.org/2006/vcard/ns#hasName,Equiv_Prop,
http://www.wikidata.org/entity/P1449,http://www.w3.org/2006/vcard/ns#hasNickname,Equiv_Prop,
http://www.wikidata.org/entity/P281,http://www.w3.org/2006/vcard/ns#hasPostalCode,Equiv_Prop,
http://www.wikidata.org/entity/P6375,http://www.w3.org/2006/vcard/ns#hasStreetAddress,Equiv_Prop,
http://www.wikidata.org/entity/P1329,http://www.w3.org/2006/vcard/ns#hasTelephone,Equiv_Prop,
http://www.wikidata.org/entity/P511,http://www.w3.org/2006/vcard/ns#honorific-prefix,Equiv_Prop,
http://www.wikidata.org/entity/P1035,http://www.w3.org/2006/vcard/ns#honorific-suffix,Equiv_Prop,
http://www.wikidata.org/entity/P3721,http://www.w3.org/2006/vcard/ns#key,Equiv_Prop,
http://www.wikidata.org/entity/P1038,http://www.w3.org/2006/vcard/ns#Kin,Equiv_Prop,
http://www.wikidata.org/entity/P1412,http://www.w3.org/2006/vcard/ns#language,Equiv_Prop,
http://www.wikidata.org/entity/P154,http://www.w3.org/2006/vcard/ns#logo,Equiv_Prop,
http://www.wikidata.org/entity/P1449,http://www.w3.org/2006/vcard/ns#nickname,Equiv_Prop,
http://www.wikidata.org/entity/P463,http://www.w3.org/2006/vcard/ns#org,Equiv_Prop,
http://www.wikidata.org/entity/P53,http://www.w3.org/2006/vcard/ns#org,Equiv_Prop,
http://www.wikidata.org/entity/P22,http://www.w3.org/2006/vcard/ns#Parent,Ext_Superprop,
http://www.wikidata.org/entity/P25,http://www.w3.org/2006/vcard/ns#Parent,Ext_Superprop,
http://www.wikidata.org/entity/P18,http://www.w3.org/2006/vcard/ns#photo,Equiv_Prop,
http://www.wikidata.org/entity/P2918,http://www.w3.org/2006/vcard/ns#post-office-box,Equiv_Prop,
http://www.wikidata.org/entity/P281,http://www.w3.org/2006/vcard/ns#postal-code,Equiv_Prop,
http://www.wikidata.org/entity/P2868,http://www.w3.org/2006/vcard/ns#role,Equiv_Prop,
http://www.wikidata.org/entity/P3373,http://www.w3.org/2006/vcard/ns#Sibling,Ext_Subprop,
http://www.wikidata.org/entity/P990,http://www.w3.org/2006/vcard/ns#sound,Equiv_Prop,
http://www.wikidata.org/entity/P26,http://www.w3.org/2006/vcard/ns#Spouse,Equiv_Prop,
http://www.wikidata.org/entity/P6375,http://www.w3.org/2006/vcard/ns#street-address,Equiv_Prop,
http://www.wikidata.org/entity/P1329,http://www.w3.org/2006/vcard/ns#tel,Equiv_Prop,
http://www.wikidata.org/entity/P2699,http://www.w3.org/2006/vcard/ns#url,Equiv_Prop,
http://www.wikidata.org/entity/P10,http://www.w3.org/2006/vcard/ns#Video,Equiv_Prop,
http://www.wikidata.org/entity/P2048,http://www.w3.org/ns/ma-ont#frameHeight,Ext_Subprop,
http://www.wikidata.org/entity/P937,http://www.w3.org/ns/org#basedAt,Equiv_Prop,
http://www.wikidata.org/entity/P355,http://www.w3.org/ns/org#hasSubOrganization,Equiv_Prop,
http://www.wikidata.org/entity/P199,http://www.w3.org/ns/org#hasUnit,Equiv_Prop,
http://www.wikidata.org/entity/P1308,http://www.w3.org/ns/org#heldBy,Equiv_Prop,
http://www.wikidata.org/entity/P39,http://www.w3.org/ns/org#holds,Equiv_Prop,
http://www.wikidata.org/entity/P1278,http://www.w3.org/ns/org#identifier,Ext_Superprop,
http://www.wikidata.org/entity/P2789,http://www.w3.org/ns/org#linkedTo,Equiv_Prop,
http://www.wikidata.org/entity/P463,http://www.w3.org/ns/org#memberOf,Equiv_Prop,
http://www.wikidata.org/entity/P2389,http://www.w3.org/ns/org#postIn,Equiv_Prop,
http://www.wikidata.org/entity/P3618,http://www.w3.org/ns/org#remuneration,Ext_Superprop,
http://www.wikidata.org/entity/P6375,http://www.w3.org/ns/org#siteAddress,Ext_Subprop,
http://www.wikidata.org/entity/P749,http://www.w3.org/ns/org#subOrganizationOf,Equiv_Prop,
http://www.wikidata.org/entity/P3215,http://xml.insee.fr/schema/siret.html#SIRET_stype,Equiv_Prop,
http://www.wikidata.org/entity/P180,http://xmlns.com/foaf/0.1/depicts,Equiv_Prop,
http://www.wikidata.org/entity/P734,http://xmlns.com/foaf/0.1/familyName,Equiv_Prop,
http://www.wikidata.org/entity/P21,http://xmlns.com/foaf/0.1/gender,Equiv_Prop,
http://www.wikidata.org/entity/P735,http://xmlns.com/foaf/0.1/givenName,Equiv_Prop,
http://www.wikidata.org/entity/P856,http://xmlns.com/foaf/0.1/homepage,Equiv_Prop,
http://www.wikidata.org/entity/P18,http://xmlns.com/foaf/0.1/img,Equiv_Prop,
http://www.wikidata.org/entity/P154,http://xmlns.com/foaf/0.1/logo,Equiv_Prop,
http://www.wikidata.org/entity/P176,http://xmlns.com/foaf/0.1/maker,Equiv_Prop,
http://www.wikidata.org/entity/P973,http://xmlns.com/foaf/0.1/page,Equiv_Prop,
http://www.wikidata.org/entity/P1329,http://xmlns.com/foaf/0.1/phone,Equiv_Prop,
http://www.wikidata.org/entity/P921,http://xmlns.com/foaf/0.1/primaryTopic,Equiv_Prop,
http://www.wikidata.org/entity/P1581,http://xmlns.com/foaf/0.1/weblog,Equiv_Prop,
http://www.wikidata.org/entity/P1449,http://xmlns.com/foaf/spec/#term_nick,Equiv_Prop,
http://www.wikidata.org/entity/P234,https://bioschemas.org/inChI,Equiv_Prop,
http://www.wikidata.org/entity/P47,https://cidoc-crm.org/html/5.0.4/cidoc-crm.html#P122,Equiv_Prop,
http://www.wikidata.org/entity/P1476,https://comicmeta.org/cbo/seriesTitle,Ext_Subprop,
http://www.wikidata.org/entity/P463,https://d-nb.info/standards/elementset/agrelon#isMemberOf,Equiv_Prop,
http://www.wikidata.org/entity/P131,https://d-nb.info/standards/elementset/gnd#hierarchicalSuperiorOfPlaceOrGeographicName,Ext_Superprop,
http://www.wikidata.org/entity/P19,https://d-nb.info/standards/elementset/gnd#placeOfBirth,Equiv_Prop,
http://www.wikidata.org/entity/P106,https://d-nb.info/standards/elementset/gnd#professionOrOccupation,Equiv_Prop,
http://www.wikidata.org/entity/P9845,https://data.biblissima.fr/entity/P301,Equiv_Prop,
http://www.wikidata.org/entity/P268,https://data.biblissima.fr/w/Property:P109,Equiv_Prop,
http://www.wikidata.org/entity/P10156,https://data.biblissima.fr/w/Property:P144,Equiv_Prop,
http://www.wikidata.org/entity/P12207,https://data.biblissima.fr/w/Property:P198,Equiv_Prop,
http://www.wikidata.org/entity/P7512,https://data.wikitrek.org/entity/P54,Exact_Prop,
http://www.wikidata.org/entity/P131,https://dati.beniculturali.it/cis/GovernamentalAdministrativeArea,Equiv_Prop,
http://www.wikidata.org/entity/P1640,https://dbpedia.org/ontology/curator,Equiv_Prop,
http://www.wikidata.org/entity/P349,https://dbpedia.org/ontology/ndlId,Equiv_Prop,
http://www.wikidata.org/entity/P355,https://dbpedia.org/ontology/subsidiary,Equiv_Prop,
http://www.wikidata.org/entity/P725,https://dbpedia.org/ontology/voice,Equiv_Prop,
http://www.wikidata.org/entity/P175,https://dbpedia.org/property/artist,Equiv_Prop,
http://www.wikidata.org/entity/P105,https://dwc.tdwg.org/terms/#taxonRank,Equiv_Prop,
http://www.wikidata.org/entity/P625,https://geogratis.gc.ca/services/geolocation/en/Point,Equiv_Prop,service not available
http://www.wikidata.org/entity/P300,https://gs1.org/voc/countryCode,Equiv_Prop,
http://www.wikidata.org/entity/P1366,https://id.loc.gov/ontologies/bibframe/replacedBy,Equiv_Prop,
http://www.wikidata.org/entity/P9270,https://id.loc.gov/vocabulary/identifiers/ansi,Equiv_Prop,
http://www.wikidata.org/entity/P1617,https://id.loc.gov/vocabulary/identifiers/bbcth,Equiv_Prop,
http://www.wikidata.org/entity/P2432,https://id.loc.gov/vocabulary/identifiers/gettyart,Equiv_Prop,
http://www.wikidata.org/entity/P2582,https://id.loc.gov/vocabulary/identifiers/gettyobj,Equiv_Prop,
http://www.wikidata.org/entity/P590,https://id.loc.gov/vocabulary/identifiers/gnis,Equiv_Prop,
http://www.wikidata.org/entity/P3962,https://id.loc.gov/vocabulary/identifiers/gtin-14,Equiv_Prop,
http://www.wikidata.org/entity/P236,https://id.loc.gov/vocabulary/identifiers/issn,Equiv_Prop,
http://www.wikidata.org/entity/P486,https://id.loc.gov/vocabulary/identifiers/mesh,Ext_Superprop,
http://www.wikidata.org/entity/P6680,https://id.loc.gov/vocabulary/identifiers/mesh,Ext_Superprop,
http://www.wikidata.org/entity/P6694,https://id.loc.gov/vocabulary/identifiers/mesh,Ext_Superprop,
http://www.wikidata.org/entity/P9341,https://id.loc.gov/vocabulary/identifiers/mesh,Ext_Superprop,
http://www.wikidata.org/entity/P1816,https://id.loc.gov/vocabulary/identifiers/npg,Equiv_Prop,
http://www.wikidata.org/entity/P1415,https://id.loc.gov/vocabulary/identifiers/odnb,Equiv_Prop,
http://www.wikidata.org/entity/P214,https://id.loc.gov/vocabulary/identifiers/viaf,Equiv_Prop,
http://www.wikidata.org/entity/P486,https://id.oclc.org/worldcat/entity/P105,Equiv_Prop,not found
http://www.wikidata.org/entity/P675,https://id.oclc.org/worldcat/entity/P36,Equiv_Prop,not found
http://www.wikidata.org/entity/P10428,https://id.parliament.uk/schema/memberMnisId,Equiv_Prop,
http://www.wikidata.org/entity/P7135,https://linkeddata.cultureelerfgoed.nl/def/ceo#complexnummer,Equiv_Prop,
http://www.wikidata.org/entity/P359,https://linkeddata.cultureelerfgoed.nl/def/ceo#rijksmonumentnummer,Equiv_Prop,
http://www.wikidata.org/entity/P9831,https://musicbrainz.org/doc/Release,Equiv_Prop,
http://www.wikidata.org/entity/P264,https://musicbrainz.org/label/MusicLabel,Equiv_Prop,
http://www.wikidata.org/entity/P435,https://musicbrainz.org/ws/2/work/Song,Equiv_Prop,
http://www.wikidata.org/entity/P509,https://ncit.nci.nih.gov/ncitbrowser/ConceptReport.jsp?dictionary=NCI_Thesaurus&ns=ncit&code=C81239,Equiv_Prop,
http://www.wikidata.org/entity/P50,https://ogp.me/ns/book:author#,Equiv_Prop,"Open Graph Protocol, link not defined"
http://www.wikidata.org/entity/P856,https://ogp.me/ns#url,Equiv_Prop,"Open Graph Protocol, link not defined"
http://www.wikidata.org/entity/P2378,https://ontologies.semanticarts.com/gist/allocatedBy,Equiv_Prop,not found
http://www.wikidata.org/entity/P2205,https://open.spotify.com/album/MusicAlbum,Equiv_Prop,not found
http://www.wikidata.org/entity/P131,https://pcp-on-web.de/ontology#locationCorporation,Equiv_Prop,
http://www.wikidata.org/entity/P921,https://schema.org/about,Equiv_Prop,
http://www.wikidata.org/entity/P161,https://schema.org/actor,Equiv_Prop,
http://www.wikidata.org/entity/P735,https://schema.org/additionalName,Ext_Subprop,
http://www.wikidata.org/entity/P6375,https://schema.org/address,Equiv_Prop,
http://www.wikidata.org/entity/P17,https://schema.org/addressCountry,Equiv_Prop,
http://www.wikidata.org/entity/P1416,https://schema.org/affiliation,Equiv_Prop,
http://www.wikidata.org/entity/P710,https://schema.org/agent,Ext_Subprop,
http://www.wikidata.org/entity/P444,https://schema.org/aggregateRating,Equiv_Prop,
http://www.wikidata.org/entity/P2205,https://schema.org/album,Ext_Superprop,
http://www.wikidata.org/entity/P2281,https://schema.org/album,Ext_Superprop,
http://www.wikidata.org/entity/P2513,https://schema.org/album,Ext_Superprop,
http://www.wikidata.org/entity/P2723,https://schema.org/album,Ext_Superprop,
http://www.wikidata.org/entity/P2819,https://schema.org/album,Ext_Superprop,
http://www.wikidata.org/entity/P3483,https://schema.org/album,Ext_Superprop,
http://www.wikidata.org/entity/P4041,https://schema.org/album,Ext_Superprop,
http://www.wikidata.org/entity/P4518,https://schema.org/album,Ext_Superprop,
http://www.wikidata.org/entity/P4577,https://schema.org/album,Ext_Superprop,
http://www.wikidata.org/entity/P5144,https://schema.org/album,Ext_Superprop,
http://www.wikidata.org/entity/P5153,https://schema.org/album,Ext_Superprop,
http://www.wikidata.org/entity/P4748,https://schema.org/album,Ext_Superprop,
http://www.wikidata.org/entity/P6217,https://schema.org/album,Ext_Superprop,
http://www.wikidata.org/entity/P7143,https://schema.org/album,Ext_Superprop,
http://www.wikidata.org/entity/P7175,https://schema.org/album,Ext_Superprop,
http://www.wikidata.org/entity/P7937,https://schema.org/albumProductionType,Ext_Subprop,
http://www.wikidata.org/entity/P1810,https://schema.org/alternateName,Ext_Superprop,
http://www.wikidata.org/entity/P1476,https://schema.org/alternateName,Ext_Subprop,
http://www.wikidata.org/entity/P4970,https://schema.org/alternateName,Equiv_Prop,
http://www.wikidata.org/entity/P1476,https://schema.org/alternativeHeadline,Ext_Subprop,
http://www.wikidata.org/entity/P69,https://schema.org/alumniOf,Equiv_Prop,
http://www.wikidata.org/entity/P136,https://schema.org/applicationCategory,Ext_Subprop,
http://www.wikidata.org/entity/P186,https://schema.org/artMedium,Ext_Subprop,
http://www.wikidata.org/entity/P186,https://schema.org/artMedium,Exact_Prop,
http://www.wikidata.org/entity/P2360,https://schema.org/audience,Equiv_Prop,
http://www.wikidata.org/entity/P51,https://schema.org/audio,Equiv_Prop,
http://www.wikidata.org/entity/P50,https://schema.org/author,Equiv_Prop,
http://www.wikidata.org/entity/P166,https://schema.org/award,Equiv_Prop,
http://www.wikidata.org/entity/P3618,https://schema.org/baseSalary,Equiv_Prop,
http://www.wikidata.org/entity/P569,https://schema.org/birthDate,Equiv_Prop,
http://www.wikidata.org/entity/P19,https://schema.org/birthPlace,Equiv_Prop,
http://www.wikidata.org/entity/P1716,https://schema.org/brand,Equiv_Prop,
http://www.wikidata.org/entity/P3970,https://schema.org/broadcastChannelId,Equiv_Prop,
http://www.wikidata.org/entity/P175,https://schema.org/byArtist,Equiv_Prop,
http://www.wikidata.org/entity/P2317,https://schema.org/callSign,Equiv_Prop,
http://www.wikidata.org/entity/P2096,https://schema.org/caption,Equiv_Prop,
http://www.wikidata.org/entity/P4448,https://schema.org/cashBack,Equiv_Prop,
http://www.wikidata.org/entity/P1200,https://schema.org/category,Ext_Superprop,
http://www.wikidata.org/entity/P1464,https://schema.org/category,Ext_Superprop,
http://www.wikidata.org/entity/P1465,https://schema.org/category,Ext_Superprop,
http://www.wikidata.org/entity/P910,https://schema.org/category,Ext_Superprop,
http://www.wikidata.org/entity/P971,https://schema.org/category,Ext_Superprop,
http://www.wikidata.org/entity/P7561,https://schema.org/category,Ext_Superprop,
http://www.wikidata.org/entity/P7782,https://schema.org/category,Ext_Superprop,
http://www.wikidata.org/entity/P7861,https://schema.org/category,Ext_Superprop,
http://www.wikidata.org/entity/P7867,https://schema.org/category,Ext_Superprop,
http://www.wikidata.org/entity/P8596,https://schema.org/category,Ext_Superprop,
http://www.wikidata.org/entity/P6365,https://schema.org/category,Ext_Superprop,
http://www.wikidata.org/entity/P1740,https://schema.org/category,Ext_Superprop,
http://www.wikidata.org/entity/P1754,https://schema.org/category,Ext_Superprop,
http://www.wikidata.org/entity/P1791,https://schema.org/category,Ext_Superprop,
http://www.wikidata.org/entity/P1792,https://schema.org/category,Ext_Superprop,
http://www.wikidata.org/entity/P2033,https://schema.org/category,Ext_Superprop,
http://www.wikidata.org/entity/P2517,https://schema.org/category,Ext_Superprop,
http://www.wikidata.org/entity/P2875,https://schema.org/category,Ext_Superprop,
http://www.wikidata.org/entity/P3489,https://schema.org/category,Ext_Superprop,
http://www.wikidata.org/entity/P3709,https://schema.org/category,Ext_Superprop,
http://www.wikidata.org/entity/P3734,https://schema.org/category,Ext_Superprop,
http://www.wikidata.org/entity/P3876,https://schema.org/category,Ext_Superprop,
http://www.wikidata.org/entity/P4195,https://schema.org/category,Ext_Superprop,
http://www.wikidata.org/entity/P5996,https://schema.org/category,Ext_Superprop,
http://www.wikidata.org/entity/P6112,https://schema.org/category,Ext_Superprop,
http://www.wikidata.org/entity/P6186,https://schema.org/category,Ext_Superprop,
http://www.wikidata.org/entity/P373,https://schema.org/category,Ext_Superprop,
http://www.wikidata.org/entity/P820,https://schema.org/category,Ext_Superprop,
http://www.wikidata.org/entity/P453,https://schema.org/character,Equiv_Prop,
http://www.wikidata.org/entity/P674,https://schema.org/character,Equiv_Prop,
http://www.wikidata.org/entity/P40,https://schema.org/children,Equiv_Prop,
http://www.wikidata.org/entity/P2860,https://schema.org/citation,Equiv_Prop,
http://www.wikidata.org/entity/P8627,https://schema.org/closes,Equiv_Prop,
http://www.wikidata.org/entity/P462,https://schema.org/color,Equiv_Prop,
http://www.wikidata.org/entity/P6338,https://schema.org/colorist,Equiv_Prop,
http://www.wikidata.org/entity/P710,https://schema.org/competitor,Equiv_Prop,
http://www.wikidata.org/entity/P86,https://schema.org/composer,Ext_Subprop,
http://www.wikidata.org/entity/P86,https://schema.org/composer,Exact_Prop,
http://www.wikidata.org/entity/P2789,https://schema.org/connectedTo,Equiv_Prop,
http://www.wikidata.org/entity/P131,https://schema.org/containedInPlace,Ext_Superprop,
http://www.wikidata.org/entity/P1383,https://schema.org/containsPlace,Ext_Superprop,
http://www.wikidata.org/entity/P150,https://schema.org/containsPlace,Ext_Superprop,
http://www.wikidata.org/entity/P840,https://schema.org/contentLocation,Equiv_Prop,
http://www.wikidata.org/entity/P852,https://schema.org/contentRating,Ext_Superprop,
http://www.wikidata.org/entity/P853,https://schema.org/contentRating,Ext_Superprop,
http://www.wikidata.org/entity/P908,https://schema.org/contentRating,Ext_Superprop,
http://www.wikidata.org/entity/P914,https://schema.org/contentRating,Ext_Superprop,
http://www.wikidata.org/entity/P916,https://schema.org/contentRating,Ext_Superprop,
http://www.wikidata.org/entity/P7573,https://schema.org/contentRating,Ext_Superprop,
http://www.wikidata.org/entity/P6452,https://schema.org/contentRating,Ext_Superprop,
http://www.wikidata.org/entity/P6657,https://schema.org/contentRating,Ext_Superprop,
http://www.wikidata.org/entity/P6658,https://schema.org/contentRating,Ext_Superprop,
http://www.wikidata.org/entity/P7327,https://schema.org/contentRating,Ext_Superprop,
http://www.wikidata.org/entity/P1657,https://schema.org/contentRating,Ext_Superprop,
http://www.wikidata.org/entity/P1981,https://schema.org/contentRating,Ext_Superprop,
http://www.wikidata.org/entity/P2363,https://schema.org/contentRating,Ext_Superprop,
http://www.wikidata.org/entity/P2629,https://schema.org/contentRating,Ext_Superprop,
http://www.wikidata.org/entity/P2637,https://schema.org/contentRating,Ext_Superprop,
http://www.wikidata.org/entity/P2684,https://schema.org/contentRating,Ext_Superprop,
http://www.wikidata.org/entity/P2747,https://schema.org/contentRating,Ext_Superprop,
http://www.wikidata.org/entity/P2756,https://schema.org/contentRating,Ext_Superprop,
http://www.wikidata.org/entity/P2758,https://schema.org/contentRating,Ext_Superprop,
http://www.wikidata.org/entity/P3156,https://schema.org/contentRating,Ext_Superprop,
http://www.wikidata.org/entity/P3216,https://schema.org/contentRating,Ext_Superprop,
http://www.wikidata.org/entity/P3306,https://schema.org/contentRating,Ext_Superprop,
http://www.wikidata.org/entity/P3402,https://schema.org/contentRating,Ext_Superprop,
http://www.wikidata.org/entity/P3428,https://schema.org/contentRating,Ext_Superprop,
http://www.wikidata.org/entity/P3650,https://schema.org/contentRating,Ext_Superprop,
http://www.wikidata.org/entity/P5150,https://schema.org/contentRating,Ext_Superprop,
http://www.wikidata.org/entity/P5152,https://schema.org/contentRating,Ext_Superprop,
http://www.wikidata.org/entity/P5201,https://schema.org/contentRating,Ext_Superprop,
http://www.wikidata.org/entity/P3818,https://schema.org/contentRating,Ext_Superprop,
http://www.wikidata.org/entity/P3834,https://schema.org/contentRating,Ext_Superprop,
http://www.wikidata.org/entity/P4437,https://schema.org/contentRating,Ext_Superprop,
http://www.wikidata.org/entity/P5970,https://schema.org/contentRating,Ext_Superprop,
http://www.wikidata.org/entity/P8874,https://schema.org/contentRating,Ext_Superprop,
http://www.wikidata.org/entity/P8889,https://schema.org/contentRating,Ext_Superprop,
http://www.wikidata.org/entity/P9086,https://schema.org/contentRating,Ext_Superprop,
http://www.wikidata.org/entity/P9866,https://schema.org/contentRating,Ext_Superprop,
http://www.wikidata.org/entity/P2699,https://schema.org/contentUrl,Ext_Subprop,
http://www.wikidata.org/entity/P767,https://schema.org/contributor,Equiv_Prop,
http://www.wikidata.org/entity/P3931,https://schema.org/copyrightHolder,Equiv_Prop,
http://www.wikidata.org/entity/P6216,https://schema.org/copyrightYear,Ext_Subprop,
http://www.wikidata.org/entity/P495,https://schema.org/countryOfOrigin,Equiv_Prop,
http://www.wikidata.org/entity/P170,https://schema.org/creator,Equiv_Prop,
http://www.wikidata.org/entity/P571,https://schema.org/dateCreated,Equiv_Prop,
http://www.wikidata.org/entity/P577,https://schema.org/datePublished,Equiv_Prop,
http://www.wikidata.org/entity/P2894,https://schema.org/dayOfWeek,Equiv_Prop,
http://www.wikidata.org/entity/P570,https://schema.org/deathDate,Equiv_Prop,
http://www.wikidata.org/entity/P20,https://schema.org/deathPlace,Equiv_Prop,
http://www.wikidata.org/entity/P4511,https://schema.org/depth,Equiv_Prop,
http://www.wikidata.org/entity/P7535,https://schema.org/description,Ext_Superprop,
http://www.wikidata.org/entity/P57,https://schema.org/director,Equiv_Prop,
http://www.wikidata.org/entity/P8204,https://schema.org/diseaseSpreadStatistics,Ext_Subprop,
http://www.wikidata.org/entity/P576,https://schema.org/dissolutionDate,Equiv_Prop,
http://www.wikidata.org/entity/P2043,https://schema.org/distance,Equiv_Prop,
http://www.wikidata.org/entity/P1325,https://schema.org/distribution,Ext_Subprop,
http://www.wikidata.org/entity/P2771,https://schema.org/duns,Equiv_Prop,
http://www.wikidata.org/entity/P2047,https://schema.org/duration,Equiv_Prop,
http://www.wikidata.org/entity/P2704,https://schema.org/editEIDR,Ext_Superprop,
http://www.wikidata.org/entity/P98,https://schema.org/editor,Equiv_Prop,
http://www.wikidata.org/entity/P968,https://schema.org/email,Equiv_Prop,
http://www.wikidata.org/entity/P2701,https://schema.org/encodingFormat,Equiv_Prop,
http://www.wikidata.org/entity/P1163,https://schema.org/encodingFormat,Equiv_Prop,
http://www.wikidata.org/entity/P582,https://schema.org/endDate,Equiv_Prop,
http://www.wikidata.org/entity/P793,https://schema.org/event,Ext_Superprop,
http://www.wikidata.org/entity/P3967,https://schema.org/event,Ext_Superprop,
http://www.wikidata.org/entity/P1264,https://schema.org/eventStatus,Ext_Subprop,
http://www.wikidata.org/entity/P629,https://schema.org/exampleOfWork,Ext_Subprop,
http://www.wikidata.org/entity/P2009,https://schema.org/exifData,Ext_Superprop,
http://www.wikidata.org/entity/P2010,https://schema.org/exifData,Ext_Superprop,
http://www.wikidata.org/entity/P734,https://schema.org/familyName,Equiv_Prop,
http://www.wikidata.org/entity/P2900,https://schema.org/faxNumber,Equiv_Prop,
http://www.wikidata.org/entity/P5895,https://schema.org/feesAndCommissionsSpecification,Ext_Superprop,
http://www.wikidata.org/entity/P5896,https://schema.org/feesAndCommissionsSpecification,Ext_Superprop,
http://www.wikidata.org/entity/P5897,https://schema.org/feesAndCommissionsSpecification,Ext_Superprop,
http://www.wikidata.org/entity/P3090,https://schema.org/flightNumber,Equiv_Prop,
http://www.wikidata.org/entity/P112,https://schema.org/founder,Equiv_Prop,
http://www.wikidata.org/entity/P571,https://schema.org/foundingDate,Ext_Subprop,
http://www.wikidata.org/entity/P571,https://schema.org/foundingDate,Equiv_Prop,
http://www.wikidata.org/entity/P740,https://schema.org/foundingLocation,Equiv_Prop,
http://www.wikidata.org/entity/P1427,https://schema.org/fromLocation,Exact_Prop,
http://www.wikidata.org/entity/P859,https://schema.org/funder,Ext_Subprop,
http://www.wikidata.org/entity/P400,https://schema.org/gamePlatform,Ext_Subprop,
http://www.wikidata.org/entity/P21,https://schema.org/gender,Equiv_Prop,
http://www.wikidata.org/entity/P136,https://schema.org/genre,Equiv_Prop,
http://www.wikidata.org/entity/P625,https://schema.org/geo,Equiv_Prop,
http://www.wikidata.org/entity/P3179,https://schema.org/geoOverlaps,Ext_Subprop,
http://www.wikidata.org/entity/P735,https://schema.org/givenName,Equiv_Prop,
http://www.wikidata.org/entity/P4445,https://schema.org/gracePeriod,Equiv_Prop,
http://www.wikidata.org/entity/P3962,https://schema.org/gtin,Equiv_Prop,
http://www.wikidata.org/entity/P3962,https://schema.org/gtin12,Ext_Subprop,
http://www.wikidata.org/entity/P3962,https://schema.org/gtin13,Ext_Subprop,
http://www.wikidata.org/entity/P3962,https://schema.org/gtin14,Ext_Subprop,
http://www.wikidata.org/entity/P3962,https://schema.org/gtin8,Ext_Subprop,
http://www.wikidata.org/entity/P106,https://schema.org/hasOccupation,Equiv_Prop,
http://www.wikidata.org/entity/P527,https://schema.org/hasPart,Equiv_Prop,
http://www.wikidata.org/entity/P1476,https://schema.org/headline,Ext_Subprop,
http://www.wikidata.org/entity/P2048,https://schema.org/height,Equiv_Prop,
http://www.wikidata.org/entity/P551,https://schema.org/homeLocation,Equiv_Prop,
http://www.wikidata.org/entity/P511,https://schema.org/honorificPrefix,Equiv_Prop,
http://www.wikidata.org/entity/P1035,https://schema.org/honorificSuffix,Equiv_Prop,
http://www.wikidata.org/entity/P229,https://schema.org/iataCode,Ext_Superprop,
http://www.wikidata.org/entity/P238,https://schema.org/iataCode,Ext_Superprop,
http://www.wikidata.org/entity/P239,https://schema.org/icaoCode,Equiv_Prop,
http://www.wikidata.org/entity/P110,https://schema.org/illustrator,Equiv_Prop,
http://www.wikidata.org/entity/P1442,https://schema.org/image,Ext_Superprop,
http://www.wikidata.org/entity/P18,https://schema.org/image,Equiv_Prop,
http://www.wikidata.org/entity/P1433,https://schema.org/inAlbum,Ext_Subprop,
http://www.wikidata.org/entity/P407,https://schema.org/inLanguage,Equiv_Prop,
http://www.wikidata.org/entity/P5899,https://schema.org/interestRate,Equiv_Prop,
http://www.wikidata.org/entity/P144,https://schema.org/isBasedOn,Equiv_Prop,
http://www.wikidata.org/entity/P957,https://schema.org/isbn,Ext_Superprop,
http://www.wikidata.org/entity/P212,https://schema.org/isbn,Ext_Superprop,
http://www.wikidata.org/entity/P3035,https://schema.org/isbn,Ext_Superprop,
http://www.wikidata.org/entity/P3097,https://schema.org/isbn,Ext_Superprop,
http://www.wikidata.org/entity/P1796,https://schema.org/isicV4,Equiv_Prop,
http://www.wikidata.org/entity/P179,https://schema.org/isPartOf,Ext_Superprop,
http://www.wikidata.org/entity/P195,https://schema.org/isPartOf,Ext_Superprop,
http://www.wikidata.org/entity/P361,https://schema.org/isPartOf,Equiv_Prop,
http://www.wikidata.org/entity/P1243,https://schema.org/isrcCode,Equiv_Prop,
http://www.wikidata.org/entity/P236,https://schema.org/issn,Equiv_Prop,
http://www.wikidata.org/entity/P433,https://schema.org/issueNumber,Equiv_Prop,
http://www.wikidata.org/entity/P1827,https://schema.org/iswcCode,Equiv_Prop,
http://www.wikidata.org/entity/P1313,https://schema.org/jobTitle,Ext_Superprop,
http://www.wikidata.org/entity/P1412,https://schema.org/knowsLanguage,Equiv_Prop,
http://www.wikidata.org/entity/P625,https://schema.org/latitude,Ext_Subprop,
http://www.wikidata.org/entity/P1278,https://schema.org/leiCode,Equiv_Prop,
http://www.wikidata.org/entity/P275,https://schema.org/license,Equiv_Prop,
http://www.wikidata.org/entity/P276,https://schema.org/location,Equiv_Prop,
http://www.wikidata.org/entity/P1071,https://schema.org/locationCreated,Equiv_Prop,
http://www.wikidata.org/entity/P154,https://schema.org/logo,Equiv_Prop,
http://www.wikidata.org/entity/P625,https://schema.org/longitude,Ext_Subprop,
http://www.wikidata.org/entity/P676,https://schema.org/lyricist,Equiv_Prop,
http://www.wikidata.org/entity/P921,https://schema.org/mainEntity,Ext_Subprop,
http://www.wikidata.org/entity/P973,https://schema.org/mainEntityOfPage,Equiv_Prop,
http://www.wikidata.org/entity/P186,https://schema.org/material,Equiv_Prop,
http://www.wikidata.org/entity/P488,https://schema.org/member,Ext_Superprop,
http://www.wikidata.org/entity/P3320,https://schema.org/member,Ext_Superprop,
http://www.wikidata.org/entity/P54,https://schema.org/memberOf,Ext_Superprop,
http://www.wikidata.org/entity/P7779,https://schema.org/memberOf,Ext_Superprop,
http://www.wikidata.org/entity/P2462,https://schema.org/memberOf,Ext_Superprop,
http://www.wikidata.org/entity/P5096,https://schema.org/memberOf,Ext_Superprop,
http://www.wikidata.org/entity/P4100,https://schema.org/memberOf,Ext_Superprop,
http://www.wikidata.org/entity/P11491,https://schema.org/memberOf,Ext_Superprop,
http://www.wikidata.org/entity/P463,https://schema.org/memberOf,Equiv_Prop,
http://www.wikidata.org/entity/P86,https://schema.org/musicBy,Ext_Subprop,
http://www.wikidata.org/entity/P3224,https://schema.org/naics,Equiv_Prop,
http://www.wikidata.org/entity/P2561,https://schema.org/name,Equiv_Prop,
http://www.wikidata.org/entity/P27,https://schema.org/nationality,Equiv_Prop,
http://www.wikidata.org/entity/P2218,https://schema.org/netWorth,Equiv_Prop,
http://www.wikidata.org/entity/P1128,https://schema.org/numberOfEmployees,Equiv_Prop,
http://www.wikidata.org/entity/P1113,https://schema.org/numberOfEpisodes,Equiv_Prop,
http://www.wikidata.org/entity/P1104,https://schema.org/numberOfPages,Equiv_Prop,
http://www.wikidata.org/entity/P2437,https://schema.org/numberOfSeasons,Equiv_Prop,
http://www.wikidata.org/entity/P2635,https://schema.org/numTracks,Equiv_Prop,
http://www.wikidata.org/entity/P8626,https://schema.org/opens,Equiv_Prop,
http://www.wikidata.org/entity/P306,https://schema.org/operatingSystem,Equiv_Prop,
http://www.wikidata.org/entity/P664,https://schema.org/organizer,Equiv_Prop,
http://www.wikidata.org/entity/P1830,https://schema.org/owns,Equiv_Prop,
http://www.wikidata.org/entity/P4714,https://schema.org/pageStart,Exact_Prop,
http://www.wikidata.org/entity/P304,https://schema.org/pagination,Equiv_Prop,
http://www.wikidata.org/entity/P22,https://schema.org/parent,Ext_Superprop,
http://www.wikidata.org/entity/P25,https://schema.org/parent,Ext_Superprop,
http://www.wikidata.org/entity/P749,https://schema.org/parentOrganization,Equiv_Prop,
http://www.wikidata.org/entity/P710,https://schema.org/participant,Equiv_Prop,
http://www.wikidata.org/entity/P4908,https://schema.org/partOfSeason,Equiv_Prop,
http://www.wikidata.org/entity/P179,https://schema.org/partOfSeries,Equiv_Prop,
http://www.wikidata.org/entity/P175,https://schema.org/performer,Ext_Subprop,
http://www.wikidata.org/entity/P18,https://schema.org/photo,Ext_Subprop,
http://www.wikidata.org/entity/P404,https://schema.org/playMode,Exact_Prop,
http://www.wikidata.org/entity/P404,https://schema.org/playMode,Equiv_Prop,
http://www.wikidata.org/entity/P1545,https://schema.org/position,Equiv_Prop,
http://www.wikidata.org/entity/P924,https://schema.org/possibleTreatment,Equiv_Prop,
http://www.wikidata.org/entity/P155,https://schema.org/previousItem,Equiv_Prop,
http://www.wikidata.org/entity/P5894,https://schema.org/price,Ext_Superprop,
http://www.wikidata.org/entity/P400,https://schema.org/processorRequirements,Ext_Subprop,
http://www.wikidata.org/entity/P162,https://schema.org/producer,Equiv_Prop,
http://www.wikidata.org/entity/P272,https://schema.org/productionCompany,Equiv_Prop,
http://www.wikidata.org/entity/P277,https://schema.org/programmingLanguage,Equiv_Prop,
http://www.wikidata.org/entity/P176,https://schema.org/provider,Equiv_Prop,
http://www.wikidata.org/entity/P123,https://schema.org/publication,Ext_Superprop,
http://www.wikidata.org/entity/P291,https://schema.org/publication,Ext_Superprop,
http://www.wikidata.org/entity/P577,https://schema.org/publication,Ext_Superprop,
http://www.wikidata.org/entity/P123,https://schema.org/publisher,Equiv_Prop,
http://www.wikidata.org/entity/P1817,https://schema.org/recipient,Equiv_Prop,
http://www.wikidata.org/entity/P2550,https://schema.org/recordingOf,Equiv_Prop,
http://www.wikidata.org/entity/P9831,https://schema.org/releaseOf,Equiv_Prop,
http://www.wikidata.org/entity/P1995,https://schema.org/relevantSpecialty,Equiv_Prop,
http://www.wikidata.org/entity/P2257,https://schema.org/repeatFrequency,Equiv_Prop,
http://www.wikidata.org/entity/P6977,https://schema.org/review,Equiv_Prop,
http://www.wikidata.org/entity/P4032,https://schema.org/reviewedBy,Ext_Subprop,
http://www.wikidata.org/entity/P5642,https://schema.org/riskFactor,Equiv_Prop,
http://www.wikidata.org/entity/P4633,https://schema.org/roleName,Ext_Superprop,
http://www.wikidata.org/entity/P1628,https://schema.org/sameAs,Ext_Superprop,
http://www.wikidata.org/entity/P2012,https://schema.org/servesCuisine,Equiv_Prop,
http://www.wikidata.org/entity/P3373,https://schema.org/sibling,Equiv_Prop,
http://www.wikidata.org/entity/P780,https://schema.org/signOrSymptom,Equiv_Prop,
http://www.wikidata.org/entity/P1546,https://schema.org/slogan,Equiv_Prop,
http://www.wikidata.org/entity/P348,https://schema.org/softwareVersion,Exact_Prop,
http://www.wikidata.org/entity/P101,https://schema.org/specialty,Exact_Prop,
http://www.wikidata.org/entity/P859,https://schema.org/sponsor,Equiv_Prop,
http://www.wikidata.org/entity/P641,https://schema.org/sport,Equiv_Prop,
http://www.wikidata.org/entity/P26,https://schema.org/spouse,Equiv_Prop,
http://www.wikidata.org/entity/P580,https://schema.org/startDate,Equiv_Prop,
http://www.wikidata.org/entity/P580,https://schema.org/startTime,Equiv_Prop,
http://www.wikidata.org/entity/P669,https://schema.org/streetAddress,Ext_Superprop,
http://www.wikidata.org/entity/P6375,https://schema.org/streetAddress,Ext_Superprop,
http://www.wikidata.org/entity/P670,https://schema.org/streetAddress,Ext_Superprop,
http://www.wikidata.org/entity/P180,https://schema.org/subjectOf,Ext_Superprop,
http://www.wikidata.org/entity/P355,https://schema.org/subOrganization,Equiv_Prop,
http://www.wikidata.org/entity/P1329,https://schema.org/telephone,Equiv_Prop,
http://www.wikidata.org/entity/P2699,https://schema.org/thumbnailUrl,Ext_Subprop,
http://www.wikidata.org/entity/P249,https://schema.org/tickerSymbol,Equiv_Prop,
http://www.wikidata.org/entity/P2047,https://schema.org/timeRequired,Equiv_Prop,
http://www.wikidata.org/entity/P2704,https://schema.org/titleEIDR,Ext_Superprop,
http://www.wikidata.org/entity/P1444,https://schema.org/toLocation,Exact_Prop,
http://www.wikidata.org/entity/P2207,https://schema.org/track,Ext_Superprop,
http://www.wikidata.org/entity/P4578,https://schema.org/track,Ext_Superprop,
http://www.wikidata.org/entity/P4404,https://schema.org/track,Ext_Superprop,
http://www.wikidata.org/entity/P6079,https://schema.org/track,Ext_Superprop,
http://www.wikidata.org/entity/P51,https://schema.org/track,Ext_Subprop,
http://www.wikidata.org/entity/P658,https://schema.org/track,Equiv_Prop,
http://www.wikidata.org/entity/P629,https://schema.org/translationOfWork,Ext_Subprop,
http://www.wikidata.org/entity/P9745,https://schema.org/translationOfWork,Exact_Prop,
http://www.wikidata.org/entity/P655,https://schema.org/translator,Equiv_Prop,
http://www.wikidata.org/entity/P2699,https://schema.org/url,Equiv_Prop,
http://www.wikidata.org/entity/P3027,https://schema.org/validFrom,Equiv_Prop,
http://www.wikidata.org/entity/P3028,https://schema.org/validThrough,Equiv_Prop,
http://www.wikidata.org/entity/P3608,https://schema.org/vatID,Ext_Superprop,
http://www.wikidata.org/entity/P9767,https://schema.org/version,Exact_Prop,
http://www.wikidata.org/entity/P10,https://schema.org/video,Equiv_Prop,
http://www.wikidata.org/entity/P478,https://schema.org/volumeNumber,Equiv_Prop,
http://www.wikidata.org/entity/P2067,https://schema.org/weight,Equiv_Prop,
http://www.wikidata.org/entity/P2049,https://schema.org/width,Equiv_Prop,
http://www.wikidata.org/entity/P747,https://schema.org/workExample,Equiv_Prop,
http://www.wikidata.org/entity/P937,https://schema.org/workLocation,Ext_Subprop,
http://www.wikidata.org/entity/P108,https://schema.org/worksFor,Equiv_Prop,
http://www.wikidata.org/entity/P2139,https://schema.org/yearlyRevenue,Equiv_Prop,
http://www.wikidata.org/entity/P123,https://viaf.org/viaf/viaftags.xml#mrca921,Equiv_Prop,
http://www.wikidata.org/entity/P127,https://vocab.org/frbr/core#term-owner,Equiv_Prop,
http://www.wikidata.org/entity/P1830,https://vocab.org/frbr/core#term-ownerOf,Equiv_Prop,
http://www.wikidata.org/entity/P527,https://w3id.org/italia/onto/IoT/consistsOf,Exact_Prop,
http://www.wikidata.org/entity/P361,https://w3id.org/italia/onto/IoT/isPartOf,Exact_Prop,
http://www.wikidata.org/entity/P103,https://w3id.org/vocab/lingvoj#nativeLanguage,Equiv_Prop,
http://www.wikidata.org/entity/P37,https://w3id.org/vocab/lingvoj#officialLanguage,Equiv_Prop,
http://www.wikidata.org/entity/P2936,https://w3id.org/vocab/lingvoj#spokenLanguage,Equiv_Prop,
http://www.wikidata.org/entity/P655,https://w3id.org/vocab/lingvoj#translator,Equiv_Prop,
http://www.wikidata.org/entity/P356,https://wiki.personaldata.io/wiki/Property:P62,Equiv_Prop,
http://www.wikidata.org/entity/P305,https://www.bbc.co.uk/ontologies/coreconcepts/languageCode,Equiv_Prop,
http://www.wikidata.org/entity/P264,https://www.freebase.com/music/artist/label,Equiv_Prop,not found
http://www.wikidata.org/entity/P264,https://www.freebase.com/music/release/label,Equiv_Prop,not found
http://www.wikidata.org/entity/P106,https://www.ica.org/standards/RiC/ontology#OccupationType,Equiv_Prop,
http://www.wikidata.org/entity/P10135,https://www.loc.gov/marc/bibliographic/bd033,Equiv_Prop,
http://www.wikidata.org/entity/P10135,https://www.loc.gov/marc/bibliographic/bd518,Equiv_Prop,
http://www.wikidata.org/entity/P156,https://www.purl.org/vocab/frbr/core#successor,Equiv_Prop,
http://www.wikidata.org/entity/P156,https://www.schema.org/nextItem,Equiv_Prop,
http://www.wikidata.org/entity/P1181,https://www.unicode.org/reports/tr38/index.html#kAccountingNumeric,Equiv_Prop,
http://www.wikidata.org/entity/P5519,https://www.unicode.org/reports/tr38/index.html#kCangjie,Equiv_Prop,
http://www.wikidata.org/entity/P5518,https://www.unicode.org/reports/tr38/index.html#kFourCornerCode,Equiv_Prop,
http://www.wikidata.org/entity/P1721,https://www.unicode.org/reports/tr38/index.html#kHanyuPinyin,Equiv_Prop,
http://www.wikidata.org/entity/P1181,https://www.unicode.org/reports/tr38/index.html#kOtherNumeric,Equiv_Prop,
http://www.wikidata.org/entity/P1181,https://www.unicode.org/reports/tr38/index.html#kPrimaryNumeric,Equiv_Prop,
http://www.wikidata.org/entity/P5475,https://www.unicode.org/reports/tr38/index.html#kSimplifiedVariant,Equiv_Prop,
http://www.wikidata.org/entity/P5205,https://www.unicode.org/reports/tr38/index.html#kTotalStrokes,Equiv_Prop,
http://www.wikidata.org/entity/P5475,https://www.unicode.org/reports/tr38/index.html#kTraditionalVariant,Equiv_Prop,
http://www.wikidata.org/entity/P5625,https://www.unicode.org/reports/tr38/index.html#kVietnamese,Equiv_Prop,
http://www.wikidata.org/entity/P5475,https://www.unicode.org/reports/tr38/index.html#kZVariant,Equiv_Prop,
http://www.wikidata.org/entity/P156,https://www.vocab.getty.edu/ontology#ulan1412_predecessor_of,Equiv_Prop,not reachable
http://www.wikidata.org/entity/P2561,https://www.w3.org/2000/01/rdf-schema#label,Ext_Subprop,
http://www.wikidata.org/entity/P1163,https://www.w3.org/ns/dcat#mediaType,Equiv_Prop,
http://www.wikidata.org/entity/P159,https://www.w3.org/ns/org#hasPrimarySite,Equiv_Prop,
http://www.wikidata.org/entity/P2047,https://www.w3.org/TR/owl-time/#time:Duration,Exact_Prop,
http://www.wikidata.org/entity/P11260,https://www.w3.org/TR/rdf-schema/#ch_first,Ext_Subprop,